,oracion,gold,error
0,un hombre camina,si,-
1,un hombre caminan,no,No tree
2,un hombre mira a un hombre,si,-
3,un hombre mira a un hombres,no,No tree
4,un hombre mira a un mujer,no,No tree
5,un hombre mira a un mujeres,no,No tree
6,un hombre mira a unos hombre,no,No tree
7,un hombre mira a unos hombres,si,-
8,un hombre mira a unos mujer,no,No tree
9,un hombre mira a unos mujeres,no,No tree
10,un hombre mira a una hombre,no,No tree
11,un hombre mira a una hombres,no,No tree
12,un hombre mira a una mujer,si,-
13,un hombre mira a una mujeres,no,No tree
14,un hombre mira a unas hombre,no,No tree
15,un hombre mira a unas hombres,no,No tree
16,un hombre mira a unas mujer,no,No tree
17,un hombre mira a unas mujeres,si,-
18,un hombre mira a el hombre,si,-
19,un hombre mira a el hombres,no,No tree
20,un hombre mira a el mujer,no,No tree
21,un hombre mira a el mujeres,no,No tree
22,un hombre mira a los hombre,no,No tree
23,un hombre mira a los hombres,si,-
24,un hombre mira a los mujer,no,No tree
25,un hombre mira a los mujeres,no,No tree
26,un hombre mira a la hombre,no,No tree
27,un hombre mira a la hombres,no,No tree
28,un hombre mira a la mujer,si,-
29,un hombre mira a la mujeres,no,No tree
30,un hombre mira a las hombre,no,No tree
31,un hombre mira a las hombres,no,No tree
32,un hombre mira a las mujer,no,No tree
33,un hombre mira a las mujeres,si,-
34,un hombre miran a un hombre,no,No tree
35,un hombre miran a un hombres,no,No tree
36,un hombre miran a un mujer,no,No tree
37,un hombre miran a un mujeres,no,No tree
38,un hombre miran a unos hombre,no,No tree
39,un hombre miran a unos hombres,no,No tree
40,un hombre miran a unos mujer,no,No tree
41,un hombre miran a unos mujeres,no,No tree
42,un hombre miran a una hombre,no,No tree
43,un hombre miran a una hombres,no,No tree
44,un hombre miran a una mujer,no,No tree
45,un hombre miran a una mujeres,no,No tree
46,un hombre miran a unas hombre,no,No tree
47,un hombre miran a unas hombres,no,No tree
48,un hombre miran a unas mujer,no,No tree
49,un hombre miran a unas mujeres,no,No tree
50,un hombre miran a el hombre,no,No tree
51,un hombre miran a el hombres,no,No tree
52,un hombre miran a el mujer,no,No tree
53,un hombre miran a el mujeres,no,No tree
54,un hombre miran a los hombre,no,No tree
55,un hombre miran a los hombres,no,No tree
56,un hombre miran a los mujer,no,No tree
57,un hombre miran a los mujeres,no,No tree
58,un hombre miran a la hombre,no,No tree
59,un hombre miran a la hombres,no,No tree
60,un hombre miran a la mujer,no,No tree
61,un hombre miran a la mujeres,no,No tree
62,un hombre miran a las hombre,no,No tree
63,un hombre miran a las hombres,no,No tree
64,un hombre miran a las mujer,no,No tree
65,un hombre miran a las mujeres,no,No tree
66,un hombres camina,no,No tree
67,un hombres caminan,no,No tree
68,un hombres mira a un hombre,no,No tree
69,un hombres mira a un hombres,no,No tree
70,un hombres mira a un mujer,no,No tree
71,un hombres mira a un mujeres,no,No tree
72,un hombres mira a unos hombre,no,No tree
73,un hombres mira a unos hombres,no,No tree
74,un hombres mira a unos mujer,no,No tree
75,un hombres mira a unos mujeres,no,No tree
76,un hombres mira a una hombre,no,No tree
77,un hombres mira a una hombres,no,No tree
78,un hombres mira a una mujer,no,No tree
79,un hombres mira a una mujeres,no,No tree
80,un hombres mira a unas hombre,no,No tree
81,un hombres mira a unas hombres,no,No tree
82,un hombres mira a unas mujer,no,No tree
83,un hombres mira a unas mujeres,no,No tree
84,un hombres mira a el hombre,no,No tree
85,un hombres mira a el hombres,no,No tree
86,un hombres mira a el mujer,no,No tree
87,un hombres mira a el mujeres,no,No tree
88,un hombres mira a los hombre,no,No tree
89,un hombres mira a los hombres,no,No tree
90,un hombres mira a los mujer,no,No tree
91,un hombres mira a los mujeres,no,No tree
92,un hombres mira a la hombre,no,No tree
93,un hombres mira a la hombres,no,No tree
94,un hombres mira a la mujer,no,No tree
95,un hombres mira a la mujeres,no,No tree
96,un hombres mira a las hombre,no,No tree
97,un hombres mira a las hombres,no,No tree
98,un hombres mira a las mujer,no,No tree
99,un hombres mira a las mujeres,no,No tree
100,un hombres miran a un hombre,no,No tree
101,un hombres miran a un hombres,no,No tree
102,un hombres miran a un mujer,no,No tree
103,un hombres miran a un mujeres,no,No tree
104,un hombres miran a unos hombre,no,No tree
105,un hombres miran a unos hombres,no,No tree
106,un hombres miran a unos mujer,no,No tree
107,un hombres miran a unos mujeres,no,No tree
108,un hombres miran a una hombre,no,No tree
109,un hombres miran a una hombres,no,No tree
110,un hombres miran a una mujer,no,No tree
111,un hombres miran a una mujeres,no,No tree
112,un hombres miran a unas hombre,no,No tree
113,un hombres miran a unas hombres,no,No tree
114,un hombres miran a unas mujer,no,No tree
115,un hombres miran a unas mujeres,no,No tree
116,un hombres miran a el hombre,no,No tree
117,un hombres miran a el hombres,no,No tree
118,un hombres miran a el mujer,no,No tree
119,un hombres miran a el mujeres,no,No tree
120,un hombres miran a los hombre,no,No tree
121,un hombres miran a los hombres,no,No tree
122,un hombres miran a los mujer,no,No tree
123,un hombres miran a los mujeres,no,No tree
124,un hombres miran a la hombre,no,No tree
125,un hombres miran a la hombres,no,No tree
126,un hombres miran a la mujer,no,No tree
127,un hombres miran a la mujeres,no,No tree
128,un hombres miran a las hombre,no,No tree
129,un hombres miran a las hombres,no,No tree
130,un hombres miran a las mujer,no,No tree
131,un hombres miran a las mujeres,no,No tree
132,un mujer camina,no,No tree
133,un mujer caminan,no,No tree
134,un mujer mira a un hombre,no,No tree
135,un mujer mira a un hombres,no,No tree
136,un mujer mira a un mujer,no,No tree
137,un mujer mira a un mujeres,no,No tree
138,un mujer mira a unos hombre,no,No tree
139,un mujer mira a unos hombres,no,No tree
140,un mujer mira a unos mujer,no,No tree
141,un mujer mira a unos mujeres,no,No tree
142,un mujer mira a una hombre,no,No tree
143,un mujer mira a una hombres,no,No tree
144,un mujer mira a una mujer,no,No tree
145,un mujer mira a una mujeres,no,No tree
146,un mujer mira a unas hombre,no,No tree
147,un mujer mira a unas hombres,no,No tree
148,un mujer mira a unas mujer,no,No tree
149,un mujer mira a unas mujeres,no,No tree
150,un mujer mira a el hombre,no,No tree
151,un mujer mira a el hombres,no,No tree
152,un mujer mira a el mujer,no,No tree
153,un mujer mira a el mujeres,no,No tree
154,un mujer mira a los hombre,no,No tree
155,un mujer mira a los hombres,no,No tree
156,un mujer mira a los mujer,no,No tree
157,un mujer mira a los mujeres,no,No tree
158,un mujer mira a la hombre,no,No tree
159,un mujer mira a la hombres,no,No tree
160,un mujer mira a la mujer,no,No tree
161,un mujer mira a la mujeres,no,No tree
162,un mujer mira a las hombre,no,No tree
163,un mujer mira a las hombres,no,No tree
164,un mujer mira a las mujer,no,No tree
165,un mujer mira a las mujeres,no,No tree
166,un mujer miran a un hombre,no,No tree
167,un mujer miran a un hombres,no,No tree
168,un mujer miran a un mujer,no,No tree
169,un mujer miran a un mujeres,no,No tree
170,un mujer miran a unos hombre,no,No tree
171,un mujer miran a unos hombres,no,No tree
172,un mujer miran a unos mujer,no,No tree
173,un mujer miran a unos mujeres,no,No tree
174,un mujer miran a una hombre,no,No tree
175,un mujer miran a una hombres,no,No tree
176,un mujer miran a una mujer,no,No tree
177,un mujer miran a una mujeres,no,No tree
178,un mujer miran a unas hombre,no,No tree
179,un mujer miran a unas hombres,no,No tree
180,un mujer miran a unas mujer,no,No tree
181,un mujer miran a unas mujeres,no,No tree
182,un mujer miran a el hombre,no,No tree
183,un mujer miran a el hombres,no,No tree
184,un mujer miran a el mujer,no,No tree
185,un mujer miran a el mujeres,no,No tree
186,un mujer miran a los hombre,no,No tree
187,un mujer miran a los hombres,no,No tree
188,un mujer miran a los mujer,no,No tree
189,un mujer miran a los mujeres,no,No tree
190,un mujer miran a la hombre,no,No tree
191,un mujer miran a la hombres,no,No tree
192,un mujer miran a la mujer,no,No tree
193,un mujer miran a la mujeres,no,No tree
194,un mujer miran a las hombre,no,No tree
195,un mujer miran a las hombres,no,No tree
196,un mujer miran a las mujer,no,No tree
197,un mujer miran a las mujeres,no,No tree
198,un mujeres camina,no,No tree
199,un mujeres caminan,no,No tree
200,un mujeres mira a un hombre,no,No tree
201,un mujeres mira a un hombres,no,No tree
202,un mujeres mira a un mujer,no,No tree
203,un mujeres mira a un mujeres,no,No tree
204,un mujeres mira a unos hombre,no,No tree
205,un mujeres mira a unos hombres,no,No tree
206,un mujeres mira a unos mujer,no,No tree
207,un mujeres mira a unos mujeres,no,No tree
208,un mujeres mira a una hombre,no,No tree
209,un mujeres mira a una hombres,no,No tree
210,un mujeres mira a una mujer,no,No tree
211,un mujeres mira a una mujeres,no,No tree
212,un mujeres mira a unas hombre,no,No tree
213,un mujeres mira a unas hombres,no,No tree
214,un mujeres mira a unas mujer,no,No tree
215,un mujeres mira a unas mujeres,no,No tree
216,un mujeres mira a el hombre,no,No tree
217,un mujeres mira a el hombres,no,No tree
218,un mujeres mira a el mujer,no,No tree
219,un mujeres mira a el mujeres,no,No tree
220,un mujeres mira a los hombre,no,No tree
221,un mujeres mira a los hombres,no,No tree
222,un mujeres mira a los mujer,no,No tree
223,un mujeres mira a los mujeres,no,No tree
224,un mujeres mira a la hombre,no,No tree
225,un mujeres mira a la hombres,no,No tree
226,un mujeres mira a la mujer,no,No tree
227,un mujeres mira a la mujeres,no,No tree
228,un mujeres mira a las hombre,no,No tree
229,un mujeres mira a las hombres,no,No tree
230,un mujeres mira a las mujer,no,No tree
231,un mujeres mira a las mujeres,no,No tree
232,un mujeres miran a un hombre,no,No tree
233,un mujeres miran a un hombres,no,No tree
234,un mujeres miran a un mujer,no,No tree
235,un mujeres miran a un mujeres,no,No tree
236,un mujeres miran a unos hombre,no,No tree
237,un mujeres miran a unos hombres,no,No tree
238,un mujeres miran a unos mujer,no,No tree
239,un mujeres miran a unos mujeres,no,No tree
240,un mujeres miran a una hombre,no,No tree
241,un mujeres miran a una hombres,no,No tree
242,un mujeres miran a una mujer,no,No tree
243,un mujeres miran a una mujeres,no,No tree
244,un mujeres miran a unas hombre,no,No tree
245,un mujeres miran a unas hombres,no,No tree
246,un mujeres miran a unas mujer,no,No tree
247,un mujeres miran a unas mujeres,no,No tree
248,un mujeres miran a el hombre,no,No tree
249,un mujeres miran a el hombres,no,No tree
250,un mujeres miran a el mujer,no,No tree
251,un mujeres miran a el mujeres,no,No tree
252,un mujeres miran a los hombre,no,No tree
253,un mujeres miran a los hombres,no,No tree
254,un mujeres miran a los mujer,no,No tree
255,un mujeres miran a los mujeres,no,No tree
256,un mujeres miran a la hombre,no,No tree
257,un mujeres miran a la hombres,no,No tree
258,un mujeres miran a la mujer,no,No tree
259,un mujeres miran a la mujeres,no,No tree
260,un mujeres miran a las hombre,no,No tree
261,un mujeres miran a las hombres,no,No tree
262,un mujeres miran a las mujer,no,No tree
263,un mujeres miran a las mujeres,no,No tree
264,unos hombre camina,no,No tree
265,unos hombre caminan,no,No tree
266,unos hombre mira a un hombre,no,No tree
267,unos hombre mira a un hombres,no,No tree
268,unos hombre mira a un mujer,no,No tree
269,unos hombre mira a un mujeres,no,No tree
270,unos hombre mira a unos hombre,no,No tree
271,unos hombre mira a unos hombres,no,No tree
272,unos hombre mira a unos mujer,no,No tree
273,unos hombre mira a unos mujeres,no,No tree
274,unos hombre mira a una hombre,no,No tree
275,unos hombre mira a una hombres,no,No tree
276,unos hombre mira a una mujer,no,No tree
277,unos hombre mira a una mujeres,no,No tree
278,unos hombre mira a unas hombre,no,No tree
279,unos hombre mira a unas hombres,no,No tree
280,unos hombre mira a unas mujer,no,No tree
281,unos hombre mira a unas mujeres,no,No tree
282,unos hombre mira a el hombre,no,No tree
283,unos hombre mira a el hombres,no,No tree
284,unos hombre mira a el mujer,no,No tree
285,unos hombre mira a el mujeres,no,No tree
286,unos hombre mira a los hombre,no,No tree
287,unos hombre mira a los hombres,no,No tree
288,unos hombre mira a los mujer,no,No tree
289,unos hombre mira a los mujeres,no,No tree
290,unos hombre mira a la hombre,no,No tree
291,unos hombre mira a la hombres,no,No tree
292,unos hombre mira a la mujer,no,No tree
293,unos hombre mira a la mujeres,no,No tree
294,unos hombre mira a las hombre,no,No tree
295,unos hombre mira a las hombres,no,No tree
296,unos hombre mira a las mujer,no,No tree
297,unos hombre mira a las mujeres,no,No tree
298,unos hombre miran a un hombre,no,No tree
299,unos hombre miran a un hombres,no,No tree
300,unos hombre miran a un mujer,no,No tree
301,unos hombre miran a un mujeres,no,No tree
302,unos hombre miran a unos hombre,no,No tree
303,unos hombre miran a unos hombres,no,No tree
304,unos hombre miran a unos mujer,no,No tree
305,unos hombre miran a unos mujeres,no,No tree
306,unos hombre miran a una hombre,no,No tree
307,unos hombre miran a una hombres,no,No tree
308,unos hombre miran a una mujer,no,No tree
309,unos hombre miran a una mujeres,no,No tree
310,unos hombre miran a unas hombre,no,No tree
311,unos hombre miran a unas hombres,no,No tree
312,unos hombre miran a unas mujer,no,No tree
313,unos hombre miran a unas mujeres,no,No tree
314,unos hombre miran a el hombre,no,No tree
315,unos hombre miran a el hombres,no,No tree
316,unos hombre miran a el mujer,no,No tree
317,unos hombre miran a el mujeres,no,No tree
318,unos hombre miran a los hombre,no,No tree
319,unos hombre miran a los hombres,no,No tree
320,unos hombre miran a los mujer,no,No tree
321,unos hombre miran a los mujeres,no,No tree
322,unos hombre miran a la hombre,no,No tree
323,unos hombre miran a la hombres,no,No tree
324,unos hombre miran a la mujer,no,No tree
325,unos hombre miran a la mujeres,no,No tree
326,unos hombre miran a las hombre,no,No tree
327,unos hombre miran a las hombres,no,No tree
328,unos hombre miran a las mujer,no,No tree
329,unos hombre miran a las mujeres,no,No tree
330,unos hombres camina,no,No tree
331,unos hombres caminan,si,-
332,unos hombres mira a un hombre,no,No tree
333,unos hombres mira a un hombres,no,No tree
334,unos hombres mira a un mujer,no,No tree
335,unos hombres mira a un mujeres,no,No tree
336,unos hombres mira a unos hombre,no,No tree
337,unos hombres mira a unos hombres,no,No tree
338,unos hombres mira a unos mujer,no,No tree
339,unos hombres mira a unos mujeres,no,No tree
340,unos hombres mira a una hombre,no,No tree
341,unos hombres mira a una hombres,no,No tree
342,unos hombres mira a una mujer,no,No tree
343,unos hombres mira a una mujeres,no,No tree
344,unos hombres mira a unas hombre,no,No tree
345,unos hombres mira a unas hombres,no,No tree
346,unos hombres mira a unas mujer,no,No tree
347,unos hombres mira a unas mujeres,no,No tree
348,unos hombres mira a el hombre,no,No tree
349,unos hombres mira a el hombres,no,No tree
350,unos hombres mira a el mujer,no,No tree
351,unos hombres mira a el mujeres,no,No tree
352,unos hombres mira a los hombre,no,No tree
353,unos hombres mira a los hombres,no,No tree
354,unos hombres mira a los mujer,no,No tree
355,unos hombres mira a los mujeres,no,No tree
356,unos hombres mira a la hombre,no,No tree
357,unos hombres mira a la hombres,no,No tree
358,unos hombres mira a la mujer,no,No tree
359,unos hombres mira a la mujeres,no,No tree
360,unos hombres mira a las hombre,no,No tree
361,unos hombres mira a las hombres,no,No tree
362,unos hombres mira a las mujer,no,No tree
363,unos hombres mira a las mujeres,no,No tree
364,unos hombres miran a un hombre,si,-
365,unos hombres miran a un hombres,no,No tree
366,unos hombres miran a un mujer,no,No tree
367,unos hombres miran a un mujeres,no,No tree
368,unos hombres miran a unos hombre,no,No tree
369,unos hombres miran a unos hombres,si,-
370,unos hombres miran a unos mujer,no,No tree
371,unos hombres miran a unos mujeres,no,No tree
372,unos hombres miran a una hombre,no,No tree
373,unos hombres miran a una hombres,no,No tree
374,unos hombres miran a una mujer,si,-
375,unos hombres miran a una mujeres,no,No tree
376,unos hombres miran a unas hombre,no,No tree
377,unos hombres miran a unas hombres,no,No tree
378,unos hombres miran a unas mujer,no,No tree
379,unos hombres miran a unas mujeres,si,-
380,unos hombres miran a el hombre,si,-
381,unos hombres miran a el hombres,no,No tree
382,unos hombres miran a el mujer,no,No tree
383,unos hombres miran a el mujeres,no,No tree
384,unos hombres miran a los hombre,no,No tree
385,unos hombres miran a los hombres,si,-
386,unos hombres miran a los mujer,no,No tree
387,unos hombres miran a los mujeres,no,No tree
388,unos hombres miran a la hombre,no,No tree
389,unos hombres miran a la hombres,no,No tree
390,unos hombres miran a la mujer,si,-
391,unos hombres miran a la mujeres,no,No tree
392,unos hombres miran a las hombre,no,No tree
393,unos hombres miran a las hombres,no,No tree
394,unos hombres miran a las mujer,no,No tree
395,unos hombres miran a las mujeres,si,-
396,unos mujer camina,no,No tree
397,unos mujer caminan,no,No tree
398,unos mujer mira a un hombre,no,No tree
399,unos mujer mira a un hombres,no,No tree
400,unos mujer mira a un mujer,no,No tree
401,unos mujer mira a un mujeres,no,No tree
402,unos mujer mira a unos hombre,no,No tree
403,unos mujer mira a unos hombres,no,No tree
404,unos mujer mira a unos mujer,no,No tree
405,unos mujer mira a unos mujeres,no,No tree
406,unos mujer mira a una hombre,no,No tree
407,unos mujer mira a una hombres,no,No tree
408,unos mujer mira a una mujer,no,No tree
409,unos mujer mira a una mujeres,no,No tree
410,unos mujer mira a unas hombre,no,No tree
411,unos mujer mira a unas hombres,no,No tree
412,unos mujer mira a unas mujer,no,No tree
413,unos mujer mira a unas mujeres,no,No tree
414,unos mujer mira a el hombre,no,No tree
415,unos mujer mira a el hombres,no,No tree
416,unos mujer mira a el mujer,no,No tree
417,unos mujer mira a el mujeres,no,No tree
418,unos mujer mira a los hombre,no,No tree
419,unos mujer mira a los hombres,no,No tree
420,unos mujer mira a los mujer,no,No tree
421,unos mujer mira a los mujeres,no,No tree
422,unos mujer mira a la hombre,no,No tree
423,unos mujer mira a la hombres,no,No tree
424,unos mujer mira a la mujer,no,No tree
425,unos mujer mira a la mujeres,no,No tree
426,unos mujer mira a las hombre,no,No tree
427,unos mujer mira a las hombres,no,No tree
428,unos mujer mira a las mujer,no,No tree
429,unos mujer mira a las mujeres,no,No tree
430,unos mujer miran a un hombre,no,No tree
431,unos mujer miran a un hombres,no,No tree
432,unos mujer miran a un mujer,no,No tree
433,unos mujer miran a un mujeres,no,No tree
434,unos mujer miran a unos hombre,no,No tree
435,unos mujer miran a unos hombres,no,No tree
436,unos mujer miran a unos mujer,no,No tree
437,unos mujer miran a unos mujeres,no,No tree
438,unos mujer miran a una hombre,no,No tree
439,unos mujer miran a una hombres,no,No tree
440,unos mujer miran a una mujer,no,No tree
441,unos mujer miran a una mujeres,no,No tree
442,unos mujer miran a unas hombre,no,No tree
443,unos mujer miran a unas hombres,no,No tree
444,unos mujer miran a unas mujer,no,No tree
445,unos mujer miran a unas mujeres,no,No tree
446,unos mujer miran a el hombre,no,No tree
447,unos mujer miran a el hombres,no,No tree
448,unos mujer miran a el mujer,no,No tree
449,unos mujer miran a el mujeres,no,No tree
450,unos mujer miran a los hombre,no,No tree
451,unos mujer miran a los hombres,no,No tree
452,unos mujer miran a los mujer,no,No tree
453,unos mujer miran a los mujeres,no,No tree
454,unos mujer miran a la hombre,no,No tree
455,unos mujer miran a la hombres,no,No tree
456,unos mujer miran a la mujer,no,No tree
457,unos mujer miran a la mujeres,no,No tree
458,unos mujer miran a las hombre,no,No tree
459,unos mujer miran a las hombres,no,No tree
460,unos mujer miran a las mujer,no,No tree
461,unos mujer miran a las mujeres,no,No tree
462,unos mujeres camina,no,No tree
463,unos mujeres caminan,no,No tree
464,unos mujeres mira a un hombre,no,No tree
465,unos mujeres mira a un hombres,no,No tree
466,unos mujeres mira a un mujer,no,No tree
467,unos mujeres mira a un mujeres,no,No tree
468,unos mujeres mira a unos hombre,no,No tree
469,unos mujeres mira a unos hombres,no,No tree
470,unos mujeres mira a unos mujer,no,No tree
471,unos mujeres mira a unos mujeres,no,No tree
472,unos mujeres mira a una hombre,no,No tree
473,unos mujeres mira a una hombres,no,No tree
474,unos mujeres mira a una mujer,no,No tree
475,unos mujeres mira a una mujeres,no,No tree
476,unos mujeres mira a unas hombre,no,No tree
477,unos mujeres mira a unas hombres,no,No tree
478,unos mujeres mira a unas mujer,no,No tree
479,unos mujeres mira a unas mujeres,no,No tree
480,unos mujeres mira a el hombre,no,No tree
481,unos mujeres mira a el hombres,no,No tree
482,unos mujeres mira a el mujer,no,No tree
483,unos mujeres mira a el mujeres,no,No tree
484,unos mujeres mira a los hombre,no,No tree
485,unos mujeres mira a los hombres,no,No tree
486,unos mujeres mira a los mujer,no,No tree
487,unos mujeres mira a los mujeres,no,No tree
488,unos mujeres mira a la hombre,no,No tree
489,unos mujeres mira a la hombres,no,No tree
490,unos mujeres mira a la mujer,no,No tree
491,unos mujeres mira a la mujeres,no,No tree
492,unos mujeres mira a las hombre,no,No tree
493,unos mujeres mira a las hombres,no,No tree
494,unos mujeres mira a las mujer,no,No tree
495,unos mujeres mira a las mujeres,no,No tree
496,unos mujeres miran a un hombre,no,No tree
497,unos mujeres miran a un hombres,no,No tree
498,unos mujeres miran a un mujer,no,No tree
499,unos mujeres miran a un mujeres,no,No tree
500,unos mujeres miran a unos hombre,no,No tree
501,unos mujeres miran a unos hombres,no,No tree
502,unos mujeres miran a unos mujer,no,No tree
503,unos mujeres miran a unos mujeres,no,No tree
504,unos mujeres miran a una hombre,no,No tree
505,unos mujeres miran a una hombres,no,No tree
506,unos mujeres miran a una mujer,no,No tree
507,unos mujeres miran a una mujeres,no,No tree
508,unos mujeres miran a unas hombre,no,No tree
509,unos mujeres miran a unas hombres,no,No tree
510,unos mujeres miran a unas mujer,no,No tree
511,unos mujeres miran a unas mujeres,no,No tree
512,unos mujeres miran a el hombre,no,No tree
513,unos mujeres miran a el hombres,no,No tree
514,unos mujeres miran a el mujer,no,No tree
515,unos mujeres miran a el mujeres,no,No tree
516,unos mujeres miran a los hombre,no,No tree
517,unos mujeres miran a los hombres,no,No tree
518,unos mujeres miran a los mujer,no,No tree
519,unos mujeres miran a los mujeres,no,No tree
520,unos mujeres miran a la hombre,no,No tree
521,unos mujeres miran a la hombres,no,No tree
522,unos mujeres miran a la mujer,no,No tree
523,unos mujeres miran a la mujeres,no,No tree
524,unos mujeres miran a las hombre,no,No tree
525,unos mujeres miran a las hombres,no,No tree
526,unos mujeres miran a las mujer,no,No tree
527,unos mujeres miran a las mujeres,no,No tree
528,una hombre camina,no,No tree
529,una hombre caminan,no,No tree
530,una hombre mira a un hombre,no,No tree
531,una hombre mira a un hombres,no,No tree
532,una hombre mira a un mujer,no,No tree
533,una hombre mira a un mujeres,no,No tree
534,una hombre mira a unos hombre,no,No tree
535,una hombre mira a unos hombres,no,No tree
536,una hombre mira a unos mujer,no,No tree
537,una hombre mira a unos mujeres,no,No tree
538,una hombre mira a una hombre,no,No tree
539,una hombre mira a una hombres,no,No tree
540,una hombre mira a una mujer,no,No tree
541,una hombre mira a una mujeres,no,No tree
542,una hombre mira a unas hombre,no,No tree
543,una hombre mira a unas hombres,no,No tree
544,una hombre mira a unas mujer,no,No tree
545,una hombre mira a unas mujeres,no,No tree
546,una hombre mira a el hombre,no,No tree
547,una hombre mira a el hombres,no,No tree
548,una hombre mira a el mujer,no,No tree
549,una hombre mira a el mujeres,no,No tree
550,una hombre mira a los hombre,no,No tree
551,una hombre mira a los hombres,no,No tree
552,una hombre mira a los mujer,no,No tree
553,una hombre mira a los mujeres,no,No tree
554,una hombre mira a la hombre,no,No tree
555,una hombre mira a la hombres,no,No tree
556,una hombre mira a la mujer,no,No tree
557,una hombre mira a la mujeres,no,No tree
558,una hombre mira a las hombre,no,No tree
559,una hombre mira a las hombres,no,No tree
560,una hombre mira a las mujer,no,No tree
561,una hombre mira a las mujeres,no,No tree
562,una hombre miran a un hombre,no,No tree
563,una hombre miran a un hombres,no,No tree
564,una hombre miran a un mujer,no,No tree
565,una hombre miran a un mujeres,no,No tree
566,una hombre miran a unos hombre,no,No tree
567,una hombre miran a unos hombres,no,No tree
568,una hombre miran a unos mujer,no,No tree
569,una hombre miran a unos mujeres,no,No tree
570,una hombre miran a una hombre,no,No tree
571,una hombre miran a una hombres,no,No tree
572,una hombre miran a una mujer,no,No tree
573,una hombre miran a una mujeres,no,No tree
574,una hombre miran a unas hombre,no,No tree
575,una hombre miran a unas hombres,no,No tree
576,una hombre miran a unas mujer,no,No tree
577,una hombre miran a unas mujeres,no,No tree
578,una hombre miran a el hombre,no,No tree
579,una hombre miran a el hombres,no,No tree
580,una hombre miran a el mujer,no,No tree
581,una hombre miran a el mujeres,no,No tree
582,una hombre miran a los hombre,no,No tree
583,una hombre miran a los hombres,no,No tree
584,una hombre miran a los mujer,no,No tree
585,una hombre miran a los mujeres,no,No tree
586,una hombre miran a la hombre,no,No tree
587,una hombre miran a la hombres,no,No tree
588,una hombre miran a la mujer,no,No tree
589,una hombre miran a la mujeres,no,No tree
590,una hombre miran a las hombre,no,No tree
591,una hombre miran a las hombres,no,No tree
592,una hombre miran a las mujer,no,No tree
593,una hombre miran a las mujeres,no,No tree
594,una hombres camina,no,No tree
595,una hombres caminan,no,No tree
596,una hombres mira a un hombre,no,No tree
597,una hombres mira a un hombres,no,No tree
598,una hombres mira a un mujer,no,No tree
599,una hombres mira a un mujeres,no,No tree
600,una hombres mira a unos hombre,no,No tree
601,una hombres mira a unos hombres,no,No tree
602,una hombres mira a unos mujer,no,No tree
603,una hombres mira a unos mujeres,no,No tree
604,una hombres mira a una hombre,no,No tree
605,una hombres mira a una hombres,no,No tree
606,una hombres mira a una mujer,no,No tree
607,una hombres mira a una mujeres,no,No tree
608,una hombres mira a unas hombre,no,No tree
609,una hombres mira a unas hombres,no,No tree
610,una hombres mira a unas mujer,no,No tree
611,una hombres mira a unas mujeres,no,No tree
612,una hombres mira a el hombre,no,No tree
613,una hombres mira a el hombres,no,No tree
614,una hombres mira a el mujer,no,No tree
615,una hombres mira a el mujeres,no,No tree
616,una hombres mira a los hombre,no,No tree
617,una hombres mira a los hombres,no,No tree
618,una hombres mira a los mujer,no,No tree
619,una hombres mira a los mujeres,no,No tree
620,una hombres mira a la hombre,no,No tree
621,una hombres mira a la hombres,no,No tree
622,una hombres mira a la mujer,no,No tree
623,una hombres mira a la mujeres,no,No tree
624,una hombres mira a las hombre,no,No tree
625,una hombres mira a las hombres,no,No tree
626,una hombres mira a las mujer,no,No tree
627,una hombres mira a las mujeres,no,No tree
628,una hombres miran a un hombre,no,No tree
629,una hombres miran a un hombres,no,No tree
630,una hombres miran a un mujer,no,No tree
631,una hombres miran a un mujeres,no,No tree
632,una hombres miran a unos hombre,no,No tree
633,una hombres miran a unos hombres,no,No tree
634,una hombres miran a unos mujer,no,No tree
635,una hombres miran a unos mujeres,no,No tree
636,una hombres miran a una hombre,no,No tree
637,una hombres miran a una hombres,no,No tree
638,una hombres miran a una mujer,no,No tree
639,una hombres miran a una mujeres,no,No tree
640,una hombres miran a unas hombre,no,No tree
641,una hombres miran a unas hombres,no,No tree
642,una hombres miran a unas mujer,no,No tree
643,una hombres miran a unas mujeres,no,No tree
644,una hombres miran a el hombre,no,No tree
645,una hombres miran a el hombres,no,No tree
646,una hombres miran a el mujer,no,No tree
647,una hombres miran a el mujeres,no,No tree
648,una hombres miran a los hombre,no,No tree
649,una hombres miran a los hombres,no,No tree
650,una hombres miran a los mujer,no,No tree
651,una hombres miran a los mujeres,no,No tree
652,una hombres miran a la hombre,no,No tree
653,una hombres miran a la hombres,no,No tree
654,una hombres miran a la mujer,no,No tree
655,una hombres miran a la mujeres,no,No tree
656,una hombres miran a las hombre,no,No tree
657,una hombres miran a las hombres,no,No tree
658,una hombres miran a las mujer,no,No tree
659,una hombres miran a las mujeres,no,No tree
660,una mujer camina,si,-
661,una mujer caminan,no,No tree
662,una mujer mira a un hombre,si,-
663,una mujer mira a un hombres,no,No tree
664,una mujer mira a un mujer,no,No tree
665,una mujer mira a un mujeres,no,No tree
666,una mujer mira a unos hombre,no,No tree
667,una mujer mira a unos hombres,si,-
668,una mujer mira a unos mujer,no,No tree
669,una mujer mira a unos mujeres,no,No tree
670,una mujer mira a una hombre,no,No tree
671,una mujer mira a una hombres,no,No tree
672,una mujer mira a una mujer,si,-
673,una mujer mira a una mujeres,no,No tree
674,una mujer mira a unas hombre,no,No tree
675,una mujer mira a unas hombres,no,No tree
676,una mujer mira a unas mujer,no,No tree
677,una mujer mira a unas mujeres,si,-
678,una mujer mira a el hombre,si,-
679,una mujer mira a el hombres,no,No tree
680,una mujer mira a el mujer,no,No tree
681,una mujer mira a el mujeres,no,No tree
682,una mujer mira a los hombre,no,No tree
683,una mujer mira a los hombres,si,-
684,una mujer mira a los mujer,no,No tree
685,una mujer mira a los mujeres,no,No tree
686,una mujer mira a la hombre,no,No tree
687,una mujer mira a la hombres,no,No tree
688,una mujer mira a la mujer,si,-
689,una mujer mira a la mujeres,no,No tree
690,una mujer mira a las hombre,no,No tree
691,una mujer mira a las hombres,no,No tree
692,una mujer mira a las mujer,no,No tree
693,una mujer mira a las mujeres,si,-
694,una mujer miran a un hombre,no,No tree
695,una mujer miran a un hombres,no,No tree
696,una mujer miran a un mujer,no,No tree
697,una mujer miran a un mujeres,no,No tree
698,una mujer miran a unos hombre,no,No tree
699,una mujer miran a unos hombres,no,No tree
700,una mujer miran a unos mujer,no,No tree
701,una mujer miran a unos mujeres,no,No tree
702,una mujer miran a una hombre,no,No tree
703,una mujer miran a una hombres,no,No tree
704,una mujer miran a una mujer,no,No tree
705,una mujer miran a una mujeres,no,No tree
706,una mujer miran a unas hombre,no,No tree
707,una mujer miran a unas hombres,no,No tree
708,una mujer miran a unas mujer,no,No tree
709,una mujer miran a unas mujeres,no,No tree
710,una mujer miran a el hombre,no,No tree
711,una mujer miran a el hombres,no,No tree
712,una mujer miran a el mujer,no,No tree
713,una mujer miran a el mujeres,no,No tree
714,una mujer miran a los hombre,no,No tree
715,una mujer miran a los hombres,no,No tree
716,una mujer miran a los mujer,no,No tree
717,una mujer miran a los mujeres,no,No tree
718,una mujer miran a la hombre,no,No tree
719,una mujer miran a la hombres,no,No tree
720,una mujer miran a la mujer,no,No tree
721,una mujer miran a la mujeres,no,No tree
722,una mujer miran a las hombre,no,No tree
723,una mujer miran a las hombres,no,No tree
724,una mujer miran a las mujer,no,No tree
725,una mujer miran a las mujeres,no,No tree
726,una mujeres camina,no,No tree
727,una mujeres caminan,no,No tree
728,una mujeres mira a un hombre,no,No tree
729,una mujeres mira a un hombres,no,No tree
730,una mujeres mira a un mujer,no,No tree
731,una mujeres mira a un mujeres,no,No tree
732,una mujeres mira a unos hombre,no,No tree
733,una mujeres mira a unos hombres,no,No tree
734,una mujeres mira a unos mujer,no,No tree
735,una mujeres mira a unos mujeres,no,No tree
736,una mujeres mira a una hombre,no,No tree
737,una mujeres mira a una hombres,no,No tree
738,una mujeres mira a una mujer,no,No tree
739,una mujeres mira a una mujeres,no,No tree
740,una mujeres mira a unas hombre,no,No tree
741,una mujeres mira a unas hombres,no,No tree
742,una mujeres mira a unas mujer,no,No tree
743,una mujeres mira a unas mujeres,no,No tree
744,una mujeres mira a el hombre,no,No tree
745,una mujeres mira a el hombres,no,No tree
746,una mujeres mira a el mujer,no,No tree
747,una mujeres mira a el mujeres,no,No tree
748,una mujeres mira a los hombre,no,No tree
749,una mujeres mira a los hombres,no,No tree
750,una mujeres mira a los mujer,no,No tree
751,una mujeres mira a los mujeres,no,No tree
752,una mujeres mira a la hombre,no,No tree
753,una mujeres mira a la hombres,no,No tree
754,una mujeres mira a la mujer,no,No tree
755,una mujeres mira a la mujeres,no,No tree
756,una mujeres mira a las hombre,no,No tree
757,una mujeres mira a las hombres,no,No tree
758,una mujeres mira a las mujer,no,No tree
759,una mujeres mira a las mujeres,no,No tree
760,una mujeres miran a un hombre,no,No tree
761,una mujeres miran a un hombres,no,No tree
762,una mujeres miran a un mujer,no,No tree
763,una mujeres miran a un mujeres,no,No tree
764,una mujeres miran a unos hombre,no,No tree
765,una mujeres miran a unos hombres,no,No tree
766,una mujeres miran a unos mujer,no,No tree
767,una mujeres miran a unos mujeres,no,No tree
768,una mujeres miran a una hombre,no,No tree
769,una mujeres miran a una hombres,no,No tree
770,una mujeres miran a una mujer,no,No tree
771,una mujeres miran a una mujeres,no,No tree
772,una mujeres miran a unas hombre,no,No tree
773,una mujeres miran a unas hombres,no,No tree
774,una mujeres miran a unas mujer,no,No tree
775,una mujeres miran a unas mujeres,no,No tree
776,una mujeres miran a el hombre,no,No tree
777,una mujeres miran a el hombres,no,No tree
778,una mujeres miran a el mujer,no,No tree
779,una mujeres miran a el mujeres,no,No tree
780,una mujeres miran a los hombre,no,No tree
781,una mujeres miran a los hombres,no,No tree
782,una mujeres miran a los mujer,no,No tree
783,una mujeres miran a los mujeres,no,No tree
784,una mujeres miran a la hombre,no,No tree
785,una mujeres miran a la hombres,no,No tree
786,una mujeres miran a la mujer,no,No tree
787,una mujeres miran a la mujeres,no,No tree
788,una mujeres miran a las hombre,no,No tree
789,una mujeres miran a las hombres,no,No tree
790,una mujeres miran a las mujer,no,No tree
791,una mujeres miran a las mujeres,no,No tree
792,unas hombre camina,no,No tree
793,unas hombre caminan,no,No tree
794,unas hombre mira a un hombre,no,No tree
795,unas hombre mira a un hombres,no,No tree
796,unas hombre mira a un mujer,no,No tree
797,unas hombre mira a un mujeres,no,No tree
798,unas hombre mira a unos hombre,no,No tree
799,unas hombre mira a unos hombres,no,No tree
800,unas hombre mira a unos mujer,no,No tree
801,unas hombre mira a unos mujeres,no,No tree
802,unas hombre mira a una hombre,no,No tree
803,unas hombre mira a una hombres,no,No tree
804,unas hombre mira a una mujer,no,No tree
805,unas hombre mira a una mujeres,no,No tree
806,unas hombre mira a unas hombre,no,No tree
807,unas hombre mira a unas hombres,no,No tree
808,unas hombre mira a unas mujer,no,No tree
809,unas hombre mira a unas mujeres,no,No tree
810,unas hombre mira a el hombre,no,No tree
811,unas hombre mira a el hombres,no,No tree
812,unas hombre mira a el mujer,no,No tree
813,unas hombre mira a el mujeres,no,No tree
814,unas hombre mira a los hombre,no,No tree
815,unas hombre mira a los hombres,no,No tree
816,unas hombre mira a los mujer,no,No tree
817,unas hombre mira a los mujeres,no,No tree
818,unas hombre mira a la hombre,no,No tree
819,unas hombre mira a la hombres,no,No tree
820,unas hombre mira a la mujer,no,No tree
821,unas hombre mira a la mujeres,no,No tree
822,unas hombre mira a las hombre,no,No tree
823,unas hombre mira a las hombres,no,No tree
824,unas hombre mira a las mujer,no,No tree
825,unas hombre mira a las mujeres,no,No tree
826,unas hombre miran a un hombre,no,No tree
827,unas hombre miran a un hombres,no,No tree
828,unas hombre miran a un mujer,no,No tree
829,unas hombre miran a un mujeres,no,No tree
830,unas hombre miran a unos hombre,no,No tree
831,unas hombre miran a unos hombres,no,No tree
832,unas hombre miran a unos mujer,no,No tree
833,unas hombre miran a unos mujeres,no,No tree
834,unas hombre miran a una hombre,no,No tree
835,unas hombre miran a una hombres,no,No tree
836,unas hombre miran a una mujer,no,No tree
837,unas hombre miran a una mujeres,no,No tree
838,unas hombre miran a unas hombre,no,No tree
839,unas hombre miran a unas hombres,no,No tree
840,unas hombre miran a unas mujer,no,No tree
841,unas hombre miran a unas mujeres,no,No tree
842,unas hombre miran a el hombre,no,No tree
843,unas hombre miran a el hombres,no,No tree
844,unas hombre miran a el mujer,no,No tree
845,unas hombre miran a el mujeres,no,No tree
846,unas hombre miran a los hombre,no,No tree
847,unas hombre miran a los hombres,no,No tree
848,unas hombre miran a los mujer,no,No tree
849,unas hombre miran a los mujeres,no,No tree
850,unas hombre miran a la hombre,no,No tree
851,unas hombre miran a la hombres,no,No tree
852,unas hombre miran a la mujer,no,No tree
853,unas hombre miran a la mujeres,no,No tree
854,unas hombre miran a las hombre,no,No tree
855,unas hombre miran a las hombres,no,No tree
856,unas hombre miran a las mujer,no,No tree
857,unas hombre miran a las mujeres,no,No tree
858,unas hombres camina,no,No tree
859,unas hombres caminan,no,No tree
860,unas hombres mira a un hombre,no,No tree
861,unas hombres mira a un hombres,no,No tree
862,unas hombres mira a un mujer,no,No tree
863,unas hombres mira a un mujeres,no,No tree
864,unas hombres mira a unos hombre,no,No tree
865,unas hombres mira a unos hombres,no,No tree
866,unas hombres mira a unos mujer,no,No tree
867,unas hombres mira a unos mujeres,no,No tree
868,unas hombres mira a una hombre,no,No tree
869,unas hombres mira a una hombres,no,No tree
870,unas hombres mira a una mujer,no,No tree
871,unas hombres mira a una mujeres,no,No tree
872,unas hombres mira a unas hombre,no,No tree
873,unas hombres mira a unas hombres,no,No tree
874,unas hombres mira a unas mujer,no,No tree
875,unas hombres mira a unas mujeres,no,No tree
876,unas hombres mira a el hombre,no,No tree
877,unas hombres mira a el hombres,no,No tree
878,unas hombres mira a el mujer,no,No tree
879,unas hombres mira a el mujeres,no,No tree
880,unas hombres mira a los hombre,no,No tree
881,unas hombres mira a los hombres,no,No tree
882,unas hombres mira a los mujer,no,No tree
883,unas hombres mira a los mujeres,no,No tree
884,unas hombres mira a la hombre,no,No tree
885,unas hombres mira a la hombres,no,No tree
886,unas hombres mira a la mujer,no,No tree
887,unas hombres mira a la mujeres,no,No tree
888,unas hombres mira a las hombre,no,No tree
889,unas hombres mira a las hombres,no,No tree
890,unas hombres mira a las mujer,no,No tree
891,unas hombres mira a las mujeres,no,No tree
892,unas hombres miran a un hombre,no,No tree
893,unas hombres miran a un hombres,no,No tree
894,unas hombres miran a un mujer,no,No tree
895,unas hombres miran a un mujeres,no,No tree
896,unas hombres miran a unos hombre,no,No tree
897,unas hombres miran a unos hombres,no,No tree
898,unas hombres miran a unos mujer,no,No tree
899,unas hombres miran a unos mujeres,no,No tree
900,unas hombres miran a una hombre,no,No tree
901,unas hombres miran a una hombres,no,No tree
902,unas hombres miran a una mujer,no,No tree
903,unas hombres miran a una mujeres,no,No tree
904,unas hombres miran a unas hombre,no,No tree
905,unas hombres miran a unas hombres,no,No tree
906,unas hombres miran a unas mujer,no,No tree
907,unas hombres miran a unas mujeres,no,No tree
908,unas hombres miran a el hombre,no,No tree
909,unas hombres miran a el hombres,no,No tree
910,unas hombres miran a el mujer,no,No tree
911,unas hombres miran a el mujeres,no,No tree
912,unas hombres miran a los hombre,no,No tree
913,unas hombres miran a los hombres,no,No tree
914,unas hombres miran a los mujer,no,No tree
915,unas hombres miran a los mujeres,no,No tree
916,unas hombres miran a la hombre,no,No tree
917,unas hombres miran a la hombres,no,No tree
918,unas hombres miran a la mujer,no,No tree
919,unas hombres miran a la mujeres,no,No tree
920,unas hombres miran a las hombre,no,No tree
921,unas hombres miran a las hombres,no,No tree
922,unas hombres miran a las mujer,no,No tree
923,unas hombres miran a las mujeres,no,No tree
924,unas mujer camina,no,No tree
925,unas mujer caminan,no,No tree
926,unas mujer mira a un hombre,no,No tree
927,unas mujer mira a un hombres,no,No tree
928,unas mujer mira a un mujer,no,No tree
929,unas mujer mira a un mujeres,no,No tree
930,unas mujer mira a unos hombre,no,No tree
931,unas mujer mira a unos hombres,no,No tree
932,unas mujer mira a unos mujer,no,No tree
933,unas mujer mira a unos mujeres,no,No tree
934,unas mujer mira a una hombre,no,No tree
935,unas mujer mira a una hombres,no,No tree
936,unas mujer mira a una mujer,no,No tree
937,unas mujer mira a una mujeres,no,No tree
938,unas mujer mira a unas hombre,no,No tree
939,unas mujer mira a unas hombres,no,No tree
940,unas mujer mira a unas mujer,no,No tree
941,unas mujer mira a unas mujeres,no,No tree
942,unas mujer mira a el hombre,no,No tree
943,unas mujer mira a el hombres,no,No tree
944,unas mujer mira a el mujer,no,No tree
945,unas mujer mira a el mujeres,no,No tree
946,unas mujer mira a los hombre,no,No tree
947,unas mujer mira a los hombres,no,No tree
948,unas mujer mira a los mujer,no,No tree
949,unas mujer mira a los mujeres,no,No tree
950,unas mujer mira a la hombre,no,No tree
951,unas mujer mira a la hombres,no,No tree
952,unas mujer mira a la mujer,no,No tree
953,unas mujer mira a la mujeres,no,No tree
954,unas mujer mira a las hombre,no,No tree
955,unas mujer mira a las hombres,no,No tree
956,unas mujer mira a las mujer,no,No tree
957,unas mujer mira a las mujeres,no,No tree
958,unas mujer miran a un hombre,no,No tree
959,unas mujer miran a un hombres,no,No tree
960,unas mujer miran a un mujer,no,No tree
961,unas mujer miran a un mujeres,no,No tree
962,unas mujer miran a unos hombre,no,No tree
963,unas mujer miran a unos hombres,no,No tree
964,unas mujer miran a unos mujer,no,No tree
965,unas mujer miran a unos mujeres,no,No tree
966,unas mujer miran a una hombre,no,No tree
967,unas mujer miran a una hombres,no,No tree
968,unas mujer miran a una mujer,no,No tree
969,unas mujer miran a una mujeres,no,No tree
970,unas mujer miran a unas hombre,no,No tree
971,unas mujer miran a unas hombres,no,No tree
972,unas mujer miran a unas mujer,no,No tree
973,unas mujer miran a unas mujeres,no,No tree
974,unas mujer miran a el hombre,no,No tree
975,unas mujer miran a el hombres,no,No tree
976,unas mujer miran a el mujer,no,No tree
977,unas mujer miran a el mujeres,no,No tree
978,unas mujer miran a los hombre,no,No tree
979,unas mujer miran a los hombres,no,No tree
980,unas mujer miran a los mujer,no,No tree
981,unas mujer miran a los mujeres,no,No tree
982,unas mujer miran a la hombre,no,No tree
983,unas mujer miran a la hombres,no,No tree
984,unas mujer miran a la mujer,no,No tree
985,unas mujer miran a la mujeres,no,No tree
986,unas mujer miran a las hombre,no,No tree
987,unas mujer miran a las hombres,no,No tree
988,unas mujer miran a las mujer,no,No tree
989,unas mujer miran a las mujeres,no,No tree
990,unas mujeres camina,no,No tree
991,unas mujeres caminan,si,-
992,unas mujeres mira a un hombre,no,No tree
993,unas mujeres mira a un hombres,no,No tree
994,unas mujeres mira a un mujer,no,No tree
995,unas mujeres mira a un mujeres,no,No tree
996,unas mujeres mira a unos hombre,no,No tree
997,unas mujeres mira a unos hombres,no,No tree
998,unas mujeres mira a unos mujer,no,No tree
999,unas mujeres mira a unos mujeres,no,No tree
1000,unas mujeres mira a una hombre,no,No tree
1001,unas mujeres mira a una hombres,no,No tree
1002,unas mujeres mira a una mujer,no,No tree
1003,unas mujeres mira a una mujeres,no,No tree
1004,unas mujeres mira a unas hombre,no,No tree
1005,unas mujeres mira a unas hombres,no,No tree
1006,unas mujeres mira a unas mujer,no,No tree
1007,unas mujeres mira a unas mujeres,no,No tree
1008,unas mujeres mira a el hombre,no,No tree
1009,unas mujeres mira a el hombres,no,No tree
1010,unas mujeres mira a el mujer,no,No tree
1011,unas mujeres mira a el mujeres,no,No tree
1012,unas mujeres mira a los hombre,no,No tree
1013,unas mujeres mira a los hombres,no,No tree
1014,unas mujeres mira a los mujer,no,No tree
1015,unas mujeres mira a los mujeres,no,No tree
1016,unas mujeres mira a la hombre,no,No tree
1017,unas mujeres mira a la hombres,no,No tree
1018,unas mujeres mira a la mujer,no,No tree
1019,unas mujeres mira a la mujeres,no,No tree
1020,unas mujeres mira a las hombre,no,No tree
1021,unas mujeres mira a las hombres,no,No tree
1022,unas mujeres mira a las mujer,no,No tree
1023,unas mujeres mira a las mujeres,no,No tree
1024,unas mujeres miran a un hombre,si,-
1025,unas mujeres miran a un hombres,no,No tree
1026,unas mujeres miran a un mujer,no,No tree
1027,unas mujeres miran a un mujeres,no,No tree
1028,unas mujeres miran a unos hombre,no,No tree
1029,unas mujeres miran a unos hombres,si,-
1030,unas mujeres miran a unos mujer,no,No tree
1031,unas mujeres miran a unos mujeres,no,No tree
1032,unas mujeres miran a una hombre,no,No tree
1033,unas mujeres miran a una hombres,no,No tree
1034,unas mujeres miran a una mujer,si,-
1035,unas mujeres miran a una mujeres,no,No tree
1036,unas mujeres miran a unas hombre,no,No tree
1037,unas mujeres miran a unas hombres,no,No tree
1038,unas mujeres miran a unas mujer,no,No tree
1039,unas mujeres miran a unas mujeres,si,-
1040,unas mujeres miran a el hombre,si,-
1041,unas mujeres miran a el hombres,no,No tree
1042,unas mujeres miran a el mujer,no,No tree
1043,unas mujeres miran a el mujeres,no,No tree
1044,unas mujeres miran a los hombre,no,No tree
1045,unas mujeres miran a los hombres,si,-
1046,unas mujeres miran a los mujer,no,No tree
1047,unas mujeres miran a los mujeres,no,No tree
1048,unas mujeres miran a la hombre,no,No tree
1049,unas mujeres miran a la hombres,no,No tree
1050,unas mujeres miran a la mujer,si,-
1051,unas mujeres miran a la mujeres,no,No tree
1052,unas mujeres miran a las hombre,no,No tree
1053,unas mujeres miran a las hombres,no,No tree
1054,unas mujeres miran a las mujer,no,No tree
1055,unas mujeres miran a las mujeres,si,-
1056,el hombre camina,si,-
1057,el hombre caminan,no,No tree
1058,el hombre mira a un hombre,si,-
1059,el hombre mira a un hombres,no,No tree
1060,el hombre mira a un mujer,no,No tree
1061,el hombre mira a un mujeres,no,No tree
1062,el hombre mira a unos hombre,no,No tree
1063,el hombre mira a unos hombres,si,-
1064,el hombre mira a unos mujer,no,No tree
1065,el hombre mira a unos mujeres,no,No tree
1066,el hombre mira a una hombre,no,No tree
1067,el hombre mira a una hombres,no,No tree
1068,el hombre mira a una mujer,si,-
1069,el hombre mira a una mujeres,no,No tree
1070,el hombre mira a unas hombre,no,No tree
1071,el hombre mira a unas hombres,no,No tree
1072,el hombre mira a unas mujer,no,No tree
1073,el hombre mira a unas mujeres,si,-
1074,el hombre mira a el hombre,si,-
1075,el hombre mira a el hombres,no,No tree
1076,el hombre mira a el mujer,no,No tree
1077,el hombre mira a el mujeres,no,No tree
1078,el hombre mira a los hombre,no,No tree
1079,el hombre mira a los hombres,si,-
1080,el hombre mira a los mujer,no,No tree
1081,el hombre mira a los mujeres,no,No tree
1082,el hombre mira a la hombre,no,No tree
1083,el hombre mira a la hombres,no,No tree
1084,el hombre mira a la mujer,si,-
1085,el hombre mira a la mujeres,no,No tree
1086,el hombre mira a las hombre,no,No tree
1087,el hombre mira a las hombres,no,No tree
1088,el hombre mira a las mujer,no,No tree
1089,el hombre mira a las mujeres,si,-
1090,el hombre miran a un hombre,no,No tree
1091,el hombre miran a un hombres,no,No tree
1092,el hombre miran a un mujer,no,No tree
1093,el hombre miran a un mujeres,no,No tree
1094,el hombre miran a unos hombre,no,No tree
1095,el hombre miran a unos hombres,no,No tree
1096,el hombre miran a unos mujer,no,No tree
1097,el hombre miran a unos mujeres,no,No tree
1098,el hombre miran a una hombre,no,No tree
1099,el hombre miran a una hombres,no,No tree
1100,el hombre miran a una mujer,no,No tree
1101,el hombre miran a una mujeres,no,No tree
1102,el hombre miran a unas hombre,no,No tree
1103,el hombre miran a unas hombres,no,No tree
1104,el hombre miran a unas mujer,no,No tree
1105,el hombre miran a unas mujeres,no,No tree
1106,el hombre miran a el hombre,no,No tree
1107,el hombre miran a el hombres,no,No tree
1108,el hombre miran a el mujer,no,No tree
1109,el hombre miran a el mujeres,no,No tree
1110,el hombre miran a los hombre,no,No tree
1111,el hombre miran a los hombres,no,No tree
1112,el hombre miran a los mujer,no,No tree
1113,el hombre miran a los mujeres,no,No tree
1114,el hombre miran a la hombre,no,No tree
1115,el hombre miran a la hombres,no,No tree
1116,el hombre miran a la mujer,no,No tree
1117,el hombre miran a la mujeres,no,No tree
1118,el hombre miran a las hombre,no,No tree
1119,el hombre miran a las hombres,no,No tree
1120,el hombre miran a las mujer,no,No tree
1121,el hombre miran a las mujeres,no,No tree
1122,el hombres camina,no,No tree
1123,el hombres caminan,no,No tree
1124,el hombres mira a un hombre,no,No tree
1125,el hombres mira a un hombres,no,No tree
1126,el hombres mira a un mujer,no,No tree
1127,el hombres mira a un mujeres,no,No tree
1128,el hombres mira a unos hombre,no,No tree
1129,el hombres mira a unos hombres,no,No tree
1130,el hombres mira a unos mujer,no,No tree
1131,el hombres mira a unos mujeres,no,No tree
1132,el hombres mira a una hombre,no,No tree
1133,el hombres mira a una hombres,no,No tree
1134,el hombres mira a una mujer,no,No tree
1135,el hombres mira a una mujeres,no,No tree
1136,el hombres mira a unas hombre,no,No tree
1137,el hombres mira a unas hombres,no,No tree
1138,el hombres mira a unas mujer,no,No tree
1139,el hombres mira a unas mujeres,no,No tree
1140,el hombres mira a el hombre,no,No tree
1141,el hombres mira a el hombres,no,No tree
1142,el hombres mira a el mujer,no,No tree
1143,el hombres mira a el mujeres,no,No tree
1144,el hombres mira a los hombre,no,No tree
1145,el hombres mira a los hombres,no,No tree
1146,el hombres mira a los mujer,no,No tree
1147,el hombres mira a los mujeres,no,No tree
1148,el hombres mira a la hombre,no,No tree
1149,el hombres mira a la hombres,no,No tree
1150,el hombres mira a la mujer,no,No tree
1151,el hombres mira a la mujeres,no,No tree
1152,el hombres mira a las hombre,no,No tree
1153,el hombres mira a las hombres,no,No tree
1154,el hombres mira a las mujer,no,No tree
1155,el hombres mira a las mujeres,no,No tree
1156,el hombres miran a un hombre,no,No tree
1157,el hombres miran a un hombres,no,No tree
1158,el hombres miran a un mujer,no,No tree
1159,el hombres miran a un mujeres,no,No tree
1160,el hombres miran a unos hombre,no,No tree
1161,el hombres miran a unos hombres,no,No tree
1162,el hombres miran a unos mujer,no,No tree
1163,el hombres miran a unos mujeres,no,No tree
1164,el hombres miran a una hombre,no,No tree
1165,el hombres miran a una hombres,no,No tree
1166,el hombres miran a una mujer,no,No tree
1167,el hombres miran a una mujeres,no,No tree
1168,el hombres miran a unas hombre,no,No tree
1169,el hombres miran a unas hombres,no,No tree
1170,el hombres miran a unas mujer,no,No tree
1171,el hombres miran a unas mujeres,no,No tree
1172,el hombres miran a el hombre,no,No tree
1173,el hombres miran a el hombres,no,No tree
1174,el hombres miran a el mujer,no,No tree
1175,el hombres miran a el mujeres,no,No tree
1176,el hombres miran a los hombre,no,No tree
1177,el hombres miran a los hombres,no,No tree
1178,el hombres miran a los mujer,no,No tree
1179,el hombres miran a los mujeres,no,No tree
1180,el hombres miran a la hombre,no,No tree
1181,el hombres miran a la hombres,no,No tree
1182,el hombres miran a la mujer,no,No tree
1183,el hombres miran a la mujeres,no,No tree
1184,el hombres miran a las hombre,no,No tree
1185,el hombres miran a las hombres,no,No tree
1186,el hombres miran a las mujer,no,No tree
1187,el hombres miran a las mujeres,no,No tree
1188,el mujer camina,no,No tree
1189,el mujer caminan,no,No tree
1190,el mujer mira a un hombre,no,No tree
1191,el mujer mira a un hombres,no,No tree
1192,el mujer mira a un mujer,no,No tree
1193,el mujer mira a un mujeres,no,No tree
1194,el mujer mira a unos hombre,no,No tree
1195,el mujer mira a unos hombres,no,No tree
1196,el mujer mira a unos mujer,no,No tree
1197,el mujer mira a unos mujeres,no,No tree
1198,el mujer mira a una hombre,no,No tree
1199,el mujer mira a una hombres,no,No tree
1200,el mujer mira a una mujer,no,No tree
1201,el mujer mira a una mujeres,no,No tree
1202,el mujer mira a unas hombre,no,No tree
1203,el mujer mira a unas hombres,no,No tree
1204,el mujer mira a unas mujer,no,No tree
1205,el mujer mira a unas mujeres,no,No tree
1206,el mujer mira a el hombre,no,No tree
1207,el mujer mira a el hombres,no,No tree
1208,el mujer mira a el mujer,no,No tree
1209,el mujer mira a el mujeres,no,No tree
1210,el mujer mira a los hombre,no,No tree
1211,el mujer mira a los hombres,no,No tree
1212,el mujer mira a los mujer,no,No tree
1213,el mujer mira a los mujeres,no,No tree
1214,el mujer mira a la hombre,no,No tree
1215,el mujer mira a la hombres,no,No tree
1216,el mujer mira a la mujer,no,No tree
1217,el mujer mira a la mujeres,no,No tree
1218,el mujer mira a las hombre,no,No tree
1219,el mujer mira a las hombres,no,No tree
1220,el mujer mira a las mujer,no,No tree
1221,el mujer mira a las mujeres,no,No tree
1222,el mujer miran a un hombre,no,No tree
1223,el mujer miran a un hombres,no,No tree
1224,el mujer miran a un mujer,no,No tree
1225,el mujer miran a un mujeres,no,No tree
1226,el mujer miran a unos hombre,no,No tree
1227,el mujer miran a unos hombres,no,No tree
1228,el mujer miran a unos mujer,no,No tree
1229,el mujer miran a unos mujeres,no,No tree
1230,el mujer miran a una hombre,no,No tree
1231,el mujer miran a una hombres,no,No tree
1232,el mujer miran a una mujer,no,No tree
1233,el mujer miran a una mujeres,no,No tree
1234,el mujer miran a unas hombre,no,No tree
1235,el mujer miran a unas hombres,no,No tree
1236,el mujer miran a unas mujer,no,No tree
1237,el mujer miran a unas mujeres,no,No tree
1238,el mujer miran a el hombre,no,No tree
1239,el mujer miran a el hombres,no,No tree
1240,el mujer miran a el mujer,no,No tree
1241,el mujer miran a el mujeres,no,No tree
1242,el mujer miran a los hombre,no,No tree
1243,el mujer miran a los hombres,no,No tree
1244,el mujer miran a los mujer,no,No tree
1245,el mujer miran a los mujeres,no,No tree
1246,el mujer miran a la hombre,no,No tree
1247,el mujer miran a la hombres,no,No tree
1248,el mujer miran a la mujer,no,No tree
1249,el mujer miran a la mujeres,no,No tree
1250,el mujer miran a las hombre,no,No tree
1251,el mujer miran a las hombres,no,No tree
1252,el mujer miran a las mujer,no,No tree
1253,el mujer miran a las mujeres,no,No tree
1254,el mujeres camina,no,No tree
1255,el mujeres caminan,no,No tree
1256,el mujeres mira a un hombre,no,No tree
1257,el mujeres mira a un hombres,no,No tree
1258,el mujeres mira a un mujer,no,No tree
1259,el mujeres mira a un mujeres,no,No tree
1260,el mujeres mira a unos hombre,no,No tree
1261,el mujeres mira a unos hombres,no,No tree
1262,el mujeres mira a unos mujer,no,No tree
1263,el mujeres mira a unos mujeres,no,No tree
1264,el mujeres mira a una hombre,no,No tree
1265,el mujeres mira a una hombres,no,No tree
1266,el mujeres mira a una mujer,no,No tree
1267,el mujeres mira a una mujeres,no,No tree
1268,el mujeres mira a unas hombre,no,No tree
1269,el mujeres mira a unas hombres,no,No tree
1270,el mujeres mira a unas mujer,no,No tree
1271,el mujeres mira a unas mujeres,no,No tree
1272,el mujeres mira a el hombre,no,No tree
1273,el mujeres mira a el hombres,no,No tree
1274,el mujeres mira a el mujer,no,No tree
1275,el mujeres mira a el mujeres,no,No tree
1276,el mujeres mira a los hombre,no,No tree
1277,el mujeres mira a los hombres,no,No tree
1278,el mujeres mira a los mujer,no,No tree
1279,el mujeres mira a los mujeres,no,No tree
1280,el mujeres mira a la hombre,no,No tree
1281,el mujeres mira a la hombres,no,No tree
1282,el mujeres mira a la mujer,no,No tree
1283,el mujeres mira a la mujeres,no,No tree
1284,el mujeres mira a las hombre,no,No tree
1285,el mujeres mira a las hombres,no,No tree
1286,el mujeres mira a las mujer,no,No tree
1287,el mujeres mira a las mujeres,no,No tree
1288,el mujeres miran a un hombre,no,No tree
1289,el mujeres miran a un hombres,no,No tree
1290,el mujeres miran a un mujer,no,No tree
1291,el mujeres miran a un mujeres,no,No tree
1292,el mujeres miran a unos hombre,no,No tree
1293,el mujeres miran a unos hombres,no,No tree
1294,el mujeres miran a unos mujer,no,No tree
1295,el mujeres miran a unos mujeres,no,No tree
1296,el mujeres miran a una hombre,no,No tree
1297,el mujeres miran a una hombres,no,No tree
1298,el mujeres miran a una mujer,no,No tree
1299,el mujeres miran a una mujeres,no,No tree
1300,el mujeres miran a unas hombre,no,No tree
1301,el mujeres miran a unas hombres,no,No tree
1302,el mujeres miran a unas mujer,no,No tree
1303,el mujeres miran a unas mujeres,no,No tree
1304,el mujeres miran a el hombre,no,No tree
1305,el mujeres miran a el hombres,no,No tree
1306,el mujeres miran a el mujer,no,No tree
1307,el mujeres miran a el mujeres,no,No tree
1308,el mujeres miran a los hombre,no,No tree
1309,el mujeres miran a los hombres,no,No tree
1310,el mujeres miran a los mujer,no,No tree
1311,el mujeres miran a los mujeres,no,No tree
1312,el mujeres miran a la hombre,no,No tree
1313,el mujeres miran a la hombres,no,No tree
1314,el mujeres miran a la mujer,no,No tree
1315,el mujeres miran a la mujeres,no,No tree
1316,el mujeres miran a las hombre,no,No tree
1317,el mujeres miran a las hombres,no,No tree
1318,el mujeres miran a las mujer,no,No tree
1319,el mujeres miran a las mujeres,no,No tree
1320,los hombre camina,no,No tree
1321,los hombre caminan,no,No tree
1322,los hombre mira a un hombre,no,No tree
1323,los hombre mira a un hombres,no,No tree
1324,los hombre mira a un mujer,no,No tree
1325,los hombre mira a un mujeres,no,No tree
1326,los hombre mira a unos hombre,no,No tree
1327,los hombre mira a unos hombres,no,No tree
1328,los hombre mira a unos mujer,no,No tree
1329,los hombre mira a unos mujeres,no,No tree
1330,los hombre mira a una hombre,no,No tree
1331,los hombre mira a una hombres,no,No tree
1332,los hombre mira a una mujer,no,No tree
1333,los hombre mira a una mujeres,no,No tree
1334,los hombre mira a unas hombre,no,No tree
1335,los hombre mira a unas hombres,no,No tree
1336,los hombre mira a unas mujer,no,No tree
1337,los hombre mira a unas mujeres,no,No tree
1338,los hombre mira a el hombre,no,No tree
1339,los hombre mira a el hombres,no,No tree
1340,los hombre mira a el mujer,no,No tree
1341,los hombre mira a el mujeres,no,No tree
1342,los hombre mira a los hombre,no,No tree
1343,los hombre mira a los hombres,no,No tree
1344,los hombre mira a los mujer,no,No tree
1345,los hombre mira a los mujeres,no,No tree
1346,los hombre mira a la hombre,no,No tree
1347,los hombre mira a la hombres,no,No tree
1348,los hombre mira a la mujer,no,No tree
1349,los hombre mira a la mujeres,no,No tree
1350,los hombre mira a las hombre,no,No tree
1351,los hombre mira a las hombres,no,No tree
1352,los hombre mira a las mujer,no,No tree
1353,los hombre mira a las mujeres,no,No tree
1354,los hombre miran a un hombre,no,No tree
1355,los hombre miran a un hombres,no,No tree
1356,los hombre miran a un mujer,no,No tree
1357,los hombre miran a un mujeres,no,No tree
1358,los hombre miran a unos hombre,no,No tree
1359,los hombre miran a unos hombres,no,No tree
1360,los hombre miran a unos mujer,no,No tree
1361,los hombre miran a unos mujeres,no,No tree
1362,los hombre miran a una hombre,no,No tree
1363,los hombre miran a una hombres,no,No tree
1364,los hombre miran a una mujer,no,No tree
1365,los hombre miran a una mujeres,no,No tree
1366,los hombre miran a unas hombre,no,No tree
1367,los hombre miran a unas hombres,no,No tree
1368,los hombre miran a unas mujer,no,No tree
1369,los hombre miran a unas mujeres,no,No tree
1370,los hombre miran a el hombre,no,No tree
1371,los hombre miran a el hombres,no,No tree
1372,los hombre miran a el mujer,no,No tree
1373,los hombre miran a el mujeres,no,No tree
1374,los hombre miran a los hombre,no,No tree
1375,los hombre miran a los hombres,no,No tree
1376,los hombre miran a los mujer,no,No tree
1377,los hombre miran a los mujeres,no,No tree
1378,los hombre miran a la hombre,no,No tree
1379,los hombre miran a la hombres,no,No tree
1380,los hombre miran a la mujer,no,No tree
1381,los hombre miran a la mujeres,no,No tree
1382,los hombre miran a las hombre,no,No tree
1383,los hombre miran a las hombres,no,No tree
1384,los hombre miran a las mujer,no,No tree
1385,los hombre miran a las mujeres,no,No tree
1386,los hombres camina,no,No tree
1387,los hombres caminan,si,-
1388,los hombres mira a un hombre,no,No tree
1389,los hombres mira a un hombres,no,No tree
1390,los hombres mira a un mujer,no,No tree
1391,los hombres mira a un mujeres,no,No tree
1392,los hombres mira a unos hombre,no,No tree
1393,los hombres mira a unos hombres,no,No tree
1394,los hombres mira a unos mujer,no,No tree
1395,los hombres mira a unos mujeres,no,No tree
1396,los hombres mira a una hombre,no,No tree
1397,los hombres mira a una hombres,no,No tree
1398,los hombres mira a una mujer,no,No tree
1399,los hombres mira a una mujeres,no,No tree
1400,los hombres mira a unas hombre,no,No tree
1401,los hombres mira a unas hombres,no,No tree
1402,los hombres mira a unas mujer,no,No tree
1403,los hombres mira a unas mujeres,no,No tree
1404,los hombres mira a el hombre,no,No tree
1405,los hombres mira a el hombres,no,No tree
1406,los hombres mira a el mujer,no,No tree
1407,los hombres mira a el mujeres,no,No tree
1408,los hombres mira a los hombre,no,No tree
1409,los hombres mira a los hombres,no,No tree
1410,los hombres mira a los mujer,no,No tree
1411,los hombres mira a los mujeres,no,No tree
1412,los hombres mira a la hombre,no,No tree
1413,los hombres mira a la hombres,no,No tree
1414,los hombres mira a la mujer,no,No tree
1415,los hombres mira a la mujeres,no,No tree
1416,los hombres mira a las hombre,no,No tree
1417,los hombres mira a las hombres,no,No tree
1418,los hombres mira a las mujer,no,No tree
1419,los hombres mira a las mujeres,no,No tree
1420,los hombres miran a un hombre,si,-
1421,los hombres miran a un hombres,no,No tree
1422,los hombres miran a un mujer,no,No tree
1423,los hombres miran a un mujeres,no,No tree
1424,los hombres miran a unos hombre,no,No tree
1425,los hombres miran a unos hombres,si,-
1426,los hombres miran a unos mujer,no,No tree
1427,los hombres miran a unos mujeres,no,No tree
1428,los hombres miran a una hombre,no,No tree
1429,los hombres miran a una hombres,no,No tree
1430,los hombres miran a una mujer,si,-
1431,los hombres miran a una mujeres,no,No tree
1432,los hombres miran a unas hombre,no,No tree
1433,los hombres miran a unas hombres,no,No tree
1434,los hombres miran a unas mujer,no,No tree
1435,los hombres miran a unas mujeres,si,-
1436,los hombres miran a el hombre,si,-
1437,los hombres miran a el hombres,no,No tree
1438,los hombres miran a el mujer,no,No tree
1439,los hombres miran a el mujeres,no,No tree
1440,los hombres miran a los hombre,no,No tree
1441,los hombres miran a los hombres,si,-
1442,los hombres miran a los mujer,no,No tree
1443,los hombres miran a los mujeres,no,No tree
1444,los hombres miran a la hombre,no,No tree
1445,los hombres miran a la hombres,no,No tree
1446,los hombres miran a la mujer,si,-
1447,los hombres miran a la mujeres,no,No tree
1448,los hombres miran a las hombre,no,No tree
1449,los hombres miran a las hombres,no,No tree
1450,los hombres miran a las mujer,no,No tree
1451,los hombres miran a las mujeres,si,-
1452,los mujer camina,no,No tree
1453,los mujer caminan,no,No tree
1454,los mujer mira a un hombre,no,No tree
1455,los mujer mira a un hombres,no,No tree
1456,los mujer mira a un mujer,no,No tree
1457,los mujer mira a un mujeres,no,No tree
1458,los mujer mira a unos hombre,no,No tree
1459,los mujer mira a unos hombres,no,No tree
1460,los mujer mira a unos mujer,no,No tree
1461,los mujer mira a unos mujeres,no,No tree
1462,los mujer mira a una hombre,no,No tree
1463,los mujer mira a una hombres,no,No tree
1464,los mujer mira a una mujer,no,No tree
1465,los mujer mira a una mujeres,no,No tree
1466,los mujer mira a unas hombre,no,No tree
1467,los mujer mira a unas hombres,no,No tree
1468,los mujer mira a unas mujer,no,No tree
1469,los mujer mira a unas mujeres,no,No tree
1470,los mujer mira a el hombre,no,No tree
1471,los mujer mira a el hombres,no,No tree
1472,los mujer mira a el mujer,no,No tree
1473,los mujer mira a el mujeres,no,No tree
1474,los mujer mira a los hombre,no,No tree
1475,los mujer mira a los hombres,no,No tree
1476,los mujer mira a los mujer,no,No tree
1477,los mujer mira a los mujeres,no,No tree
1478,los mujer mira a la hombre,no,No tree
1479,los mujer mira a la hombres,no,No tree
1480,los mujer mira a la mujer,no,No tree
1481,los mujer mira a la mujeres,no,No tree
1482,los mujer mira a las hombre,no,No tree
1483,los mujer mira a las hombres,no,No tree
1484,los mujer mira a las mujer,no,No tree
1485,los mujer mira a las mujeres,no,No tree
1486,los mujer miran a un hombre,no,No tree
1487,los mujer miran a un hombres,no,No tree
1488,los mujer miran a un mujer,no,No tree
1489,los mujer miran a un mujeres,no,No tree
1490,los mujer miran a unos hombre,no,No tree
1491,los mujer miran a unos hombres,no,No tree
1492,los mujer miran a unos mujer,no,No tree
1493,los mujer miran a unos mujeres,no,No tree
1494,los mujer miran a una hombre,no,No tree
1495,los mujer miran a una hombres,no,No tree
1496,los mujer miran a una mujer,no,No tree
1497,los mujer miran a una mujeres,no,No tree
1498,los mujer miran a unas hombre,no,No tree
1499,los mujer miran a unas hombres,no,No tree
1500,los mujer miran a unas mujer,no,No tree
1501,los mujer miran a unas mujeres,no,No tree
1502,los mujer miran a el hombre,no,No tree
1503,los mujer miran a el hombres,no,No tree
1504,los mujer miran a el mujer,no,No tree
1505,los mujer miran a el mujeres,no,No tree
1506,los mujer miran a los hombre,no,No tree
1507,los mujer miran a los hombres,no,No tree
1508,los mujer miran a los mujer,no,No tree
1509,los mujer miran a los mujeres,no,No tree
1510,los mujer miran a la hombre,no,No tree
1511,los mujer miran a la hombres,no,No tree
1512,los mujer miran a la mujer,no,No tree
1513,los mujer miran a la mujeres,no,No tree
1514,los mujer miran a las hombre,no,No tree
1515,los mujer miran a las hombres,no,No tree
1516,los mujer miran a las mujer,no,No tree
1517,los mujer miran a las mujeres,no,No tree
1518,los mujeres camina,no,No tree
1519,los mujeres caminan,no,No tree
1520,los mujeres mira a un hombre,no,No tree
1521,los mujeres mira a un hombres,no,No tree
1522,los mujeres mira a un mujer,no,No tree
1523,los mujeres mira a un mujeres,no,No tree
1524,los mujeres mira a unos hombre,no,No tree
1525,los mujeres mira a unos hombres,no,No tree
1526,los mujeres mira a unos mujer,no,No tree
1527,los mujeres mira a unos mujeres,no,No tree
1528,los mujeres mira a una hombre,no,No tree
1529,los mujeres mira a una hombres,no,No tree
1530,los mujeres mira a una mujer,no,No tree
1531,los mujeres mira a una mujeres,no,No tree
1532,los mujeres mira a unas hombre,no,No tree
1533,los mujeres mira a unas hombres,no,No tree
1534,los mujeres mira a unas mujer,no,No tree
1535,los mujeres mira a unas mujeres,no,No tree
1536,los mujeres mira a el hombre,no,No tree
1537,los mujeres mira a el hombres,no,No tree
1538,los mujeres mira a el mujer,no,No tree
1539,los mujeres mira a el mujeres,no,No tree
1540,los mujeres mira a los hombre,no,No tree
1541,los mujeres mira a los hombres,no,No tree
1542,los mujeres mira a los mujer,no,No tree
1543,los mujeres mira a los mujeres,no,No tree
1544,los mujeres mira a la hombre,no,No tree
1545,los mujeres mira a la hombres,no,No tree
1546,los mujeres mira a la mujer,no,No tree
1547,los mujeres mira a la mujeres,no,No tree
1548,los mujeres mira a las hombre,no,No tree
1549,los mujeres mira a las hombres,no,No tree
1550,los mujeres mira a las mujer,no,No tree
1551,los mujeres mira a las mujeres,no,No tree
1552,los mujeres miran a un hombre,no,No tree
1553,los mujeres miran a un hombres,no,No tree
1554,los mujeres miran a un mujer,no,No tree
1555,los mujeres miran a un mujeres,no,No tree
1556,los mujeres miran a unos hombre,no,No tree
1557,los mujeres miran a unos hombres,no,No tree
1558,los mujeres miran a unos mujer,no,No tree
1559,los mujeres miran a unos mujeres,no,No tree
1560,los mujeres miran a una hombre,no,No tree
1561,los mujeres miran a una hombres,no,No tree
1562,los mujeres miran a una mujer,no,No tree
1563,los mujeres miran a una mujeres,no,No tree
1564,los mujeres miran a unas hombre,no,No tree
1565,los mujeres miran a unas hombres,no,No tree
1566,los mujeres miran a unas mujer,no,No tree
1567,los mujeres miran a unas mujeres,no,No tree
1568,los mujeres miran a el hombre,no,No tree
1569,los mujeres miran a el hombres,no,No tree
1570,los mujeres miran a el mujer,no,No tree
1571,los mujeres miran a el mujeres,no,No tree
1572,los mujeres miran a los hombre,no,No tree
1573,los mujeres miran a los hombres,no,No tree
1574,los mujeres miran a los mujer,no,No tree
1575,los mujeres miran a los mujeres,no,No tree
1576,los mujeres miran a la hombre,no,No tree
1577,los mujeres miran a la hombres,no,No tree
1578,los mujeres miran a la mujer,no,No tree
1579,los mujeres miran a la mujeres,no,No tree
1580,los mujeres miran a las hombre,no,No tree
1581,los mujeres miran a las hombres,no,No tree
1582,los mujeres miran a las mujer,no,No tree
1583,los mujeres miran a las mujeres,no,No tree
1584,la hombre camina,no,No tree
1585,la hombre caminan,no,No tree
1586,la hombre mira a un hombre,no,No tree
1587,la hombre mira a un hombres,no,No tree
1588,la hombre mira a un mujer,no,No tree
1589,la hombre mira a un mujeres,no,No tree
1590,la hombre mira a unos hombre,no,No tree
1591,la hombre mira a unos hombres,no,No tree
1592,la hombre mira a unos mujer,no,No tree
1593,la hombre mira a unos mujeres,no,No tree
1594,la hombre mira a una hombre,no,No tree
1595,la hombre mira a una hombres,no,No tree
1596,la hombre mira a una mujer,no,No tree
1597,la hombre mira a una mujeres,no,No tree
1598,la hombre mira a unas hombre,no,No tree
1599,la hombre mira a unas hombres,no,No tree
1600,la hombre mira a unas mujer,no,No tree
1601,la hombre mira a unas mujeres,no,No tree
1602,la hombre mira a el hombre,no,No tree
1603,la hombre mira a el hombres,no,No tree
1604,la hombre mira a el mujer,no,No tree
1605,la hombre mira a el mujeres,no,No tree
1606,la hombre mira a los hombre,no,No tree
1607,la hombre mira a los hombres,no,No tree
1608,la hombre mira a los mujer,no,No tree
1609,la hombre mira a los mujeres,no,No tree
1610,la hombre mira a la hombre,no,No tree
1611,la hombre mira a la hombres,no,No tree
1612,la hombre mira a la mujer,no,No tree
1613,la hombre mira a la mujeres,no,No tree
1614,la hombre mira a las hombre,no,No tree
1615,la hombre mira a las hombres,no,No tree
1616,la hombre mira a las mujer,no,No tree
1617,la hombre mira a las mujeres,no,No tree
1618,la hombre miran a un hombre,no,No tree
1619,la hombre miran a un hombres,no,No tree
1620,la hombre miran a un mujer,no,No tree
1621,la hombre miran a un mujeres,no,No tree
1622,la hombre miran a unos hombre,no,No tree
1623,la hombre miran a unos hombres,no,No tree
1624,la hombre miran a unos mujer,no,No tree
1625,la hombre miran a unos mujeres,no,No tree
1626,la hombre miran a una hombre,no,No tree
1627,la hombre miran a una hombres,no,No tree
1628,la hombre miran a una mujer,no,No tree
1629,la hombre miran a una mujeres,no,No tree
1630,la hombre miran a unas hombre,no,No tree
1631,la hombre miran a unas hombres,no,No tree
1632,la hombre miran a unas mujer,no,No tree
1633,la hombre miran a unas mujeres,no,No tree
1634,la hombre miran a el hombre,no,No tree
1635,la hombre miran a el hombres,no,No tree
1636,la hombre miran a el mujer,no,No tree
1637,la hombre miran a el mujeres,no,No tree
1638,la hombre miran a los hombre,no,No tree
1639,la hombre miran a los hombres,no,No tree
1640,la hombre miran a los mujer,no,No tree
1641,la hombre miran a los mujeres,no,No tree
1642,la hombre miran a la hombre,no,No tree
1643,la hombre miran a la hombres,no,No tree
1644,la hombre miran a la mujer,no,No tree
1645,la hombre miran a la mujeres,no,No tree
1646,la hombre miran a las hombre,no,No tree
1647,la hombre miran a las hombres,no,No tree
1648,la hombre miran a las mujer,no,No tree
1649,la hombre miran a las mujeres,no,No tree
1650,la hombres camina,no,No tree
1651,la hombres caminan,no,No tree
1652,la hombres mira a un hombre,no,No tree
1653,la hombres mira a un hombres,no,No tree
1654,la hombres mira a un mujer,no,No tree
1655,la hombres mira a un mujeres,no,No tree
1656,la hombres mira a unos hombre,no,No tree
1657,la hombres mira a unos hombres,no,No tree
1658,la hombres mira a unos mujer,no,No tree
1659,la hombres mira a unos mujeres,no,No tree
1660,la hombres mira a una hombre,no,No tree
1661,la hombres mira a una hombres,no,No tree
1662,la hombres mira a una mujer,no,No tree
1663,la hombres mira a una mujeres,no,No tree
1664,la hombres mira a unas hombre,no,No tree
1665,la hombres mira a unas hombres,no,No tree
1666,la hombres mira a unas mujer,no,No tree
1667,la hombres mira a unas mujeres,no,No tree
1668,la hombres mira a el hombre,no,No tree
1669,la hombres mira a el hombres,no,No tree
1670,la hombres mira a el mujer,no,No tree
1671,la hombres mira a el mujeres,no,No tree
1672,la hombres mira a los hombre,no,No tree
1673,la hombres mira a los hombres,no,No tree
1674,la hombres mira a los mujer,no,No tree
1675,la hombres mira a los mujeres,no,No tree
1676,la hombres mira a la hombre,no,No tree
1677,la hombres mira a la hombres,no,No tree
1678,la hombres mira a la mujer,no,No tree
1679,la hombres mira a la mujeres,no,No tree
1680,la hombres mira a las hombre,no,No tree
1681,la hombres mira a las hombres,no,No tree
1682,la hombres mira a las mujer,no,No tree
1683,la hombres mira a las mujeres,no,No tree
1684,la hombres miran a un hombre,no,No tree
1685,la hombres miran a un hombres,no,No tree
1686,la hombres miran a un mujer,no,No tree
1687,la hombres miran a un mujeres,no,No tree
1688,la hombres miran a unos hombre,no,No tree
1689,la hombres miran a unos hombres,no,No tree
1690,la hombres miran a unos mujer,no,No tree
1691,la hombres miran a unos mujeres,no,No tree
1692,la hombres miran a una hombre,no,No tree
1693,la hombres miran a una hombres,no,No tree
1694,la hombres miran a una mujer,no,No tree
1695,la hombres miran a una mujeres,no,No tree
1696,la hombres miran a unas hombre,no,No tree
1697,la hombres miran a unas hombres,no,No tree
1698,la hombres miran a unas mujer,no,No tree
1699,la hombres miran a unas mujeres,no,No tree
1700,la hombres miran a el hombre,no,No tree
1701,la hombres miran a el hombres,no,No tree
1702,la hombres miran a el mujer,no,No tree
1703,la hombres miran a el mujeres,no,No tree
1704,la hombres miran a los hombre,no,No tree
1705,la hombres miran a los hombres,no,No tree
1706,la hombres miran a los mujer,no,No tree
1707,la hombres miran a los mujeres,no,No tree
1708,la hombres miran a la hombre,no,No tree
1709,la hombres miran a la hombres,no,No tree
1710,la hombres miran a la mujer,no,No tree
1711,la hombres miran a la mujeres,no,No tree
1712,la hombres miran a las hombre,no,No tree
1713,la hombres miran a las hombres,no,No tree
1714,la hombres miran a las mujer,no,No tree
1715,la hombres miran a las mujeres,no,No tree
1716,la mujer camina,si,-
1717,la mujer caminan,no,No tree
1718,la mujer mira a un hombre,si,-
1719,la mujer mira a un hombres,no,No tree
1720,la mujer mira a un mujer,no,No tree
1721,la mujer mira a un mujeres,no,No tree
1722,la mujer mira a unos hombre,no,No tree
1723,la mujer mira a unos hombres,si,-
1724,la mujer mira a unos mujer,no,No tree
1725,la mujer mira a unos mujeres,no,No tree
1726,la mujer mira a una hombre,no,No tree
1727,la mujer mira a una hombres,no,No tree
1728,la mujer mira a una mujer,si,-
1729,la mujer mira a una mujeres,no,No tree
1730,la mujer mira a unas hombre,no,No tree
1731,la mujer mira a unas hombres,no,No tree
1732,la mujer mira a unas mujer,no,No tree
1733,la mujer mira a unas mujeres,si,-
1734,la mujer mira a el hombre,si,-
1735,la mujer mira a el hombres,no,No tree
1736,la mujer mira a el mujer,no,No tree
1737,la mujer mira a el mujeres,no,No tree
1738,la mujer mira a los hombre,no,No tree
1739,la mujer mira a los hombres,si,-
1740,la mujer mira a los mujer,no,No tree
1741,la mujer mira a los mujeres,no,No tree
1742,la mujer mira a la hombre,no,No tree
1743,la mujer mira a la hombres,no,No tree
1744,la mujer mira a la mujer,si,-
1745,la mujer mira a la mujeres,no,No tree
1746,la mujer mira a las hombre,no,No tree
1747,la mujer mira a las hombres,no,No tree
1748,la mujer mira a las mujer,no,No tree
1749,la mujer mira a las mujeres,si,-
1750,la mujer miran a un hombre,no,No tree
1751,la mujer miran a un hombres,no,No tree
1752,la mujer miran a un mujer,no,No tree
1753,la mujer miran a un mujeres,no,No tree
1754,la mujer miran a unos hombre,no,No tree
1755,la mujer miran a unos hombres,no,No tree
1756,la mujer miran a unos mujer,no,No tree
1757,la mujer miran a unos mujeres,no,No tree
1758,la mujer miran a una hombre,no,No tree
1759,la mujer miran a una hombres,no,No tree
1760,la mujer miran a una mujer,no,No tree
1761,la mujer miran a una mujeres,no,No tree
1762,la mujer miran a unas hombre,no,No tree
1763,la mujer miran a unas hombres,no,No tree
1764,la mujer miran a unas mujer,no,No tree
1765,la mujer miran a unas mujeres,no,No tree
1766,la mujer miran a el hombre,no,No tree
1767,la mujer miran a el hombres,no,No tree
1768,la mujer miran a el mujer,no,No tree
1769,la mujer miran a el mujeres,no,No tree
1770,la mujer miran a los hombre,no,No tree
1771,la mujer miran a los hombres,no,No tree
1772,la mujer miran a los mujer,no,No tree
1773,la mujer miran a los mujeres,no,No tree
1774,la mujer miran a la hombre,no,No tree
1775,la mujer miran a la hombres,no,No tree
1776,la mujer miran a la mujer,no,No tree
1777,la mujer miran a la mujeres,no,No tree
1778,la mujer miran a las hombre,no,No tree
1779,la mujer miran a las hombres,no,No tree
1780,la mujer miran a las mujer,no,No tree
1781,la mujer miran a las mujeres,no,No tree
1782,la mujeres camina,no,No tree
1783,la mujeres caminan,no,No tree
1784,la mujeres mira a un hombre,no,No tree
1785,la mujeres mira a un hombres,no,No tree
1786,la mujeres mira a un mujer,no,No tree
1787,la mujeres mira a un mujeres,no,No tree
1788,la mujeres mira a unos hombre,no,No tree
1789,la mujeres mira a unos hombres,no,No tree
1790,la mujeres mira a unos mujer,no,No tree
1791,la mujeres mira a unos mujeres,no,No tree
1792,la mujeres mira a una hombre,no,No tree
1793,la mujeres mira a una hombres,no,No tree
1794,la mujeres mira a una mujer,no,No tree
1795,la mujeres mira a una mujeres,no,No tree
1796,la mujeres mira a unas hombre,no,No tree
1797,la mujeres mira a unas hombres,no,No tree
1798,la mujeres mira a unas mujer,no,No tree
1799,la mujeres mira a unas mujeres,no,No tree
1800,la mujeres mira a el hombre,no,No tree
1801,la mujeres mira a el hombres,no,No tree
1802,la mujeres mira a el mujer,no,No tree
1803,la mujeres mira a el mujeres,no,No tree
1804,la mujeres mira a los hombre,no,No tree
1805,la mujeres mira a los hombres,no,No tree
1806,la mujeres mira a los mujer,no,No tree
1807,la mujeres mira a los mujeres,no,No tree
1808,la mujeres mira a la hombre,no,No tree
1809,la mujeres mira a la hombres,no,No tree
1810,la mujeres mira a la mujer,no,No tree
1811,la mujeres mira a la mujeres,no,No tree
1812,la mujeres mira a las hombre,no,No tree
1813,la mujeres mira a las hombres,no,No tree
1814,la mujeres mira a las mujer,no,No tree
1815,la mujeres mira a las mujeres,no,No tree
1816,la mujeres miran a un hombre,no,No tree
1817,la mujeres miran a un hombres,no,No tree
1818,la mujeres miran a un mujer,no,No tree
1819,la mujeres miran a un mujeres,no,No tree
1820,la mujeres miran a unos hombre,no,No tree
1821,la mujeres miran a unos hombres,no,No tree
1822,la mujeres miran a unos mujer,no,No tree
1823,la mujeres miran a unos mujeres,no,No tree
1824,la mujeres miran a una hombre,no,No tree
1825,la mujeres miran a una hombres,no,No tree
1826,la mujeres miran a una mujer,no,No tree
1827,la mujeres miran a una mujeres,no,No tree
1828,la mujeres miran a unas hombre,no,No tree
1829,la mujeres miran a unas hombres,no,No tree
1830,la mujeres miran a unas mujer,no,No tree
1831,la mujeres miran a unas mujeres,no,No tree
1832,la mujeres miran a el hombre,no,No tree
1833,la mujeres miran a el hombres,no,No tree
1834,la mujeres miran a el mujer,no,No tree
1835,la mujeres miran a el mujeres,no,No tree
1836,la mujeres miran a los hombre,no,No tree
1837,la mujeres miran a los hombres,no,No tree
1838,la mujeres miran a los mujer,no,No tree
1839,la mujeres miran a los mujeres,no,No tree
1840,la mujeres miran a la hombre,no,No tree
1841,la mujeres miran a la hombres,no,No tree
1842,la mujeres miran a la mujer,no,No tree
1843,la mujeres miran a la mujeres,no,No tree
1844,la mujeres miran a las hombre,no,No tree
1845,la mujeres miran a las hombres,no,No tree
1846,la mujeres miran a las mujer,no,No tree
1847,la mujeres miran a las mujeres,no,No tree
1848,las hombre camina,no,No tree
1849,las hombre caminan,no,No tree
1850,las hombre mira a un hombre,no,No tree
1851,las hombre mira a un hombres,no,No tree
1852,las hombre mira a un mujer,no,No tree
1853,las hombre mira a un mujeres,no,No tree
1854,las hombre mira a unos hombre,no,No tree
1855,las hombre mira a unos hombres,no,No tree
1856,las hombre mira a unos mujer,no,No tree
1857,las hombre mira a unos mujeres,no,No tree
1858,las hombre mira a una hombre,no,No tree
1859,las hombre mira a una hombres,no,No tree
1860,las hombre mira a una mujer,no,No tree
1861,las hombre mira a una mujeres,no,No tree
1862,las hombre mira a unas hombre,no,No tree
1863,las hombre mira a unas hombres,no,No tree
1864,las hombre mira a unas mujer,no,No tree
1865,las hombre mira a unas mujeres,no,No tree
1866,las hombre mira a el hombre,no,No tree
1867,las hombre mira a el hombres,no,No tree
1868,las hombre mira a el mujer,no,No tree
1869,las hombre mira a el mujeres,no,No tree
1870,las hombre mira a los hombre,no,No tree
1871,las hombre mira a los hombres,no,No tree
1872,las hombre mira a los mujer,no,No tree
1873,las hombre mira a los mujeres,no,No tree
1874,las hombre mira a la hombre,no,No tree
1875,las hombre mira a la hombres,no,No tree
1876,las hombre mira a la mujer,no,No tree
1877,las hombre mira a la mujeres,no,No tree
1878,las hombre mira a las hombre,no,No tree
1879,las hombre mira a las hombres,no,No tree
1880,las hombre mira a las mujer,no,No tree
1881,las hombre mira a las mujeres,no,No tree
1882,las hombre miran a un hombre,no,No tree
1883,las hombre miran a un hombres,no,No tree
1884,las hombre miran a un mujer,no,No tree
1885,las hombre miran a un mujeres,no,No tree
1886,las hombre miran a unos hombre,no,No tree
1887,las hombre miran a unos hombres,no,No tree
1888,las hombre miran a unos mujer,no,No tree
1889,las hombre miran a unos mujeres,no,No tree
1890,las hombre miran a una hombre,no,No tree
1891,las hombre miran a una hombres,no,No tree
1892,las hombre miran a una mujer,no,No tree
1893,las hombre miran a una mujeres,no,No tree
1894,las hombre miran a unas hombre,no,No tree
1895,las hombre miran a unas hombres,no,No tree
1896,las hombre miran a unas mujer,no,No tree
1897,las hombre miran a unas mujeres,no,No tree
1898,las hombre miran a el hombre,no,No tree
1899,las hombre miran a el hombres,no,No tree
1900,las hombre miran a el mujer,no,No tree
1901,las hombre miran a el mujeres,no,No tree
1902,las hombre miran a los hombre,no,No tree
1903,las hombre miran a los hombres,no,No tree
1904,las hombre miran a los mujer,no,No tree
1905,las hombre miran a los mujeres,no,No tree
1906,las hombre miran a la hombre,no,No tree
1907,las hombre miran a la hombres,no,No tree
1908,las hombre miran a la mujer,no,No tree
1909,las hombre miran a la mujeres,no,No tree
1910,las hombre miran a las hombre,no,No tree
1911,las hombre miran a las hombres,no,No tree
1912,las hombre miran a las mujer,no,No tree
1913,las hombre miran a las mujeres,no,No tree
1914,las hombres camina,no,No tree
1915,las hombres caminan,no,No tree
1916,las hombres mira a un hombre,no,No tree
1917,las hombres mira a un hombres,no,No tree
1918,las hombres mira a un mujer,no,No tree
1919,las hombres mira a un mujeres,no,No tree
1920,las hombres mira a unos hombre,no,No tree
1921,las hombres mira a unos hombres,no,No tree
1922,las hombres mira a unos mujer,no,No tree
1923,las hombres mira a unos mujeres,no,No tree
1924,las hombres mira a una hombre,no,No tree
1925,las hombres mira a una hombres,no,No tree
1926,las hombres mira a una mujer,no,No tree
1927,las hombres mira a una mujeres,no,No tree
1928,las hombres mira a unas hombre,no,No tree
1929,las hombres mira a unas hombres,no,No tree
1930,las hombres mira a unas mujer,no,No tree
1931,las hombres mira a unas mujeres,no,No tree
1932,las hombres mira a el hombre,no,No tree
1933,las hombres mira a el hombres,no,No tree
1934,las hombres mira a el mujer,no,No tree
1935,las hombres mira a el mujeres,no,No tree
1936,las hombres mira a los hombre,no,No tree
1937,las hombres mira a los hombres,no,No tree
1938,las hombres mira a los mujer,no,No tree
1939,las hombres mira a los mujeres,no,No tree
1940,las hombres mira a la hombre,no,No tree
1941,las hombres mira a la hombres,no,No tree
1942,las hombres mira a la mujer,no,No tree
1943,las hombres mira a la mujeres,no,No tree
1944,las hombres mira a las hombre,no,No tree
1945,las hombres mira a las hombres,no,No tree
1946,las hombres mira a las mujer,no,No tree
1947,las hombres mira a las mujeres,no,No tree
1948,las hombres miran a un hombre,no,No tree
1949,las hombres miran a un hombres,no,No tree
1950,las hombres miran a un mujer,no,No tree
1951,las hombres miran a un mujeres,no,No tree
1952,las hombres miran a unos hombre,no,No tree
1953,las hombres miran a unos hombres,no,No tree
1954,las hombres miran a unos mujer,no,No tree
1955,las hombres miran a unos mujeres,no,No tree
1956,las hombres miran a una hombre,no,No tree
1957,las hombres miran a una hombres,no,No tree
1958,las hombres miran a una mujer,no,No tree
1959,las hombres miran a una mujeres,no,No tree
1960,las hombres miran a unas hombre,no,No tree
1961,las hombres miran a unas hombres,no,No tree
1962,las hombres miran a unas mujer,no,No tree
1963,las hombres miran a unas mujeres,no,No tree
1964,las hombres miran a el hombre,no,No tree
1965,las hombres miran a el hombres,no,No tree
1966,las hombres miran a el mujer,no,No tree
1967,las hombres miran a el mujeres,no,No tree
1968,las hombres miran a los hombre,no,No tree
1969,las hombres miran a los hombres,no,No tree
1970,las hombres miran a los mujer,no,No tree
1971,las hombres miran a los mujeres,no,No tree
1972,las hombres miran a la hombre,no,No tree
1973,las hombres miran a la hombres,no,No tree
1974,las hombres miran a la mujer,no,No tree
1975,las hombres miran a la mujeres,no,No tree
1976,las hombres miran a las hombre,no,No tree
1977,las hombres miran a las hombres,no,No tree
1978,las hombres miran a las mujer,no,No tree
1979,las hombres miran a las mujeres,no,No tree
1980,las mujer camina,no,No tree
1981,las mujer caminan,no,No tree
1982,las mujer mira a un hombre,no,No tree
1983,las mujer mira a un hombres,no,No tree
1984,las mujer mira a un mujer,no,No tree
1985,las mujer mira a un mujeres,no,No tree
1986,las mujer mira a unos hombre,no,No tree
1987,las mujer mira a unos hombres,no,No tree
1988,las mujer mira a unos mujer,no,No tree
1989,las mujer mira a unos mujeres,no,No tree
1990,las mujer mira a una hombre,no,No tree
1991,las mujer mira a una hombres,no,No tree
1992,las mujer mira a una mujer,no,No tree
1993,las mujer mira a una mujeres,no,No tree
1994,las mujer mira a unas hombre,no,No tree
1995,las mujer mira a unas hombres,no,No tree
1996,las mujer mira a unas mujer,no,No tree
1997,las mujer mira a unas mujeres,no,No tree
1998,las mujer mira a el hombre,no,No tree
1999,las mujer mira a el hombres,no,No tree
2000,las mujer mira a el mujer,no,No tree
2001,las mujer mira a el mujeres,no,No tree
2002,las mujer mira a los hombre,no,No tree
2003,las mujer mira a los hombres,no,No tree
2004,las mujer mira a los mujer,no,No tree
2005,las mujer mira a los mujeres,no,No tree
2006,las mujer mira a la hombre,no,No tree
2007,las mujer mira a la hombres,no,No tree
2008,las mujer mira a la mujer,no,No tree
2009,las mujer mira a la mujeres,no,No tree
2010,las mujer mira a las hombre,no,No tree
2011,las mujer mira a las hombres,no,No tree
2012,las mujer mira a las mujer,no,No tree
2013,las mujer mira a las mujeres,no,No tree
2014,las mujer miran a un hombre,no,No tree
2015,las mujer miran a un hombres,no,No tree
2016,las mujer miran a un mujer,no,No tree
2017,las mujer miran a un mujeres,no,No tree
2018,las mujer miran a unos hombre,no,No tree
2019,las mujer miran a unos hombres,no,No tree
2020,las mujer miran a unos mujer,no,No tree
2021,las mujer miran a unos mujeres,no,No tree
2022,las mujer miran a una hombre,no,No tree
2023,las mujer miran a una hombres,no,No tree
2024,las mujer miran a una mujer,no,No tree
2025,las mujer miran a una mujeres,no,No tree
2026,las mujer miran a unas hombre,no,No tree
2027,las mujer miran a unas hombres,no,No tree
2028,las mujer miran a unas mujer,no,No tree
2029,las mujer miran a unas mujeres,no,No tree
2030,las mujer miran a el hombre,no,No tree
2031,las mujer miran a el hombres,no,No tree
2032,las mujer miran a el mujer,no,No tree
2033,las mujer miran a el mujeres,no,No tree
2034,las mujer miran a los hombre,no,No tree
2035,las mujer miran a los hombres,no,No tree
2036,las mujer miran a los mujer,no,No tree
2037,las mujer miran a los mujeres,no,No tree
2038,las mujer miran a la hombre,no,No tree
2039,las mujer miran a la hombres,no,No tree
2040,las mujer miran a la mujer,no,No tree
2041,las mujer miran a la mujeres,no,No tree
2042,las mujer miran a las hombre,no,No tree
2043,las mujer miran a las hombres,no,No tree
2044,las mujer miran a las mujer,no,No tree
2045,las mujer miran a las mujeres,no,No tree
2046,las mujeres camina,no,No tree
2047,las mujeres caminan,si,-
2048,las mujeres mira a un hombre,no,No tree
2049,las mujeres mira a un hombres,no,No tree
2050,las mujeres mira a un mujer,no,No tree
2051,las mujeres mira a un mujeres,no,No tree
2052,las mujeres mira a unos hombre,no,No tree
2053,las mujeres mira a unos hombres,no,No tree
2054,las mujeres mira a unos mujer,no,No tree
2055,las mujeres mira a unos mujeres,no,No tree
2056,las mujeres mira a una hombre,no,No tree
2057,las mujeres mira a una hombres,no,No tree
2058,las mujeres mira a una mujer,no,No tree
2059,las mujeres mira a una mujeres,no,No tree
2060,las mujeres mira a unas hombre,no,No tree
2061,las mujeres mira a unas hombres,no,No tree
2062,las mujeres mira a unas mujer,no,No tree
2063,las mujeres mira a unas mujeres,no,No tree
2064,las mujeres mira a el hombre,no,No tree
2065,las mujeres mira a el hombres,no,No tree
2066,las mujeres mira a el mujer,no,No tree
2067,las mujeres mira a el mujeres,no,No tree
2068,las mujeres mira a los hombre,no,No tree
2069,las mujeres mira a los hombres,no,No tree
2070,las mujeres mira a los mujer,no,No tree
2071,las mujeres mira a los mujeres,no,No tree
2072,las mujeres mira a la hombre,no,No tree
2073,las mujeres mira a la hombres,no,No tree
2074,las mujeres mira a la mujer,no,No tree
2075,las mujeres mira a la mujeres,no,No tree
2076,las mujeres mira a las hombre,no,No tree
2077,las mujeres mira a las hombres,no,No tree
2078,las mujeres mira a las mujer,no,No tree
2079,las mujeres mira a las mujeres,no,No tree
2080,las mujeres miran a un hombre,si,-
2081,las mujeres miran a un hombres,no,No tree
2082,las mujeres miran a un mujer,no,No tree
2083,las mujeres miran a un mujeres,no,No tree
2084,las mujeres miran a unos hombre,no,No tree
2085,las mujeres miran a unos hombres,si,-
2086,las mujeres miran a unos mujer,no,No tree
2087,las mujeres miran a unos mujeres,no,No tree
2088,las mujeres miran a una hombre,no,No tree
2089,las mujeres miran a una hombres,no,No tree
2090,las mujeres miran a una mujer,si,-
2091,las mujeres miran a una mujeres,no,No tree
2092,las mujeres miran a unas hombre,no,No tree
2093,las mujeres miran a unas hombres,no,No tree
2094,las mujeres miran a unas mujer,no,No tree
2095,las mujeres miran a unas mujeres,si,-
2096,las mujeres miran a el hombre,si,-
2097,las mujeres miran a el hombres,no,No tree
2098,las mujeres miran a el mujer,no,No tree
2099,las mujeres miran a el mujeres,no,No tree
2100,las mujeres miran a los hombre,no,No tree
2101,las mujeres miran a los hombres,si,-
2102,las mujeres miran a los mujer,no,No tree
2103,las mujeres miran a los mujeres,no,No tree
2104,las mujeres miran a la hombre,no,No tree
2105,las mujeres miran a la hombres,no,No tree
2106,las mujeres miran a la mujer,si,-
2107,las mujeres miran a la mujeres,no,No tree
2108,las mujeres miran a las hombre,no,No tree
2109,las mujeres miran a las hombres,no,No tree
2110,las mujeres miran a las mujer,no,No tree
2111,las mujeres miran a las mujeres,si,-
